task_id,intern_id,intern_name,department,project_name,task_type,assigned_date,due_date,completed_date,status,planned_days,completion_days,on_time,project_quality,mentor_feedback,technical_skills,communication,problem_solving,teamwork,punctuality,mentor_comment,mentor,month
TSK0001,INT001,Sajid Ali,Data Analytics,Sales Performance Analysis,Research,2026-01-10,2026-01-16,2026-01-15,Completed,6,4.7,1,4.72,4.78,4.95,5.0,4.78,4.75,4.98,Strong technical execution with thoughtful documentation and proactive mentor updates.,Internee.pk Mentor,2026-01
TSK0002,INT001,Sajid Ali,Data Analytics,Internship Funnel Analysis,Documentation,2026-01-17,2026-01-22,2026-01-22,Completed,5,4.3,1,4.72,4.78,4.86,4.66,4.77,4.99,4.74,Strong technical execution with thoughtful documentation and proactive mentor updates.,Internee.pk Mentor,2026-01
TSK0003,INT001,Sajid Ali,Data Analytics,Data Quality Review,Dashboard,2026-01-05,2026-01-08,2026-01-07,Completed,3,2.0,1,4.72,4.95,4.75,4.73,4.72,4.82,4.83,Excellent analytical discipline and dependable delivery against milestones.,Internee.pk Mentor,2026-01
TSK0004,INT001,Sajid Ali,Data Analytics,Executive Analytics Report,Presentation,2026-01-12,2026-01-16,2026-01-16,Completed,4,3.4,1,5.0,4.79,4.79,4.66,4.72,4.85,5.0,Excellent analytical discipline and dependable delivery against milestones.,Internee.pk Mentor,2026-01
TSK0005,INT002,Ayesha Khan,Power BI & BI,Executive KPI Dashboard,Automation,2026-01-05,2026-01-11,2026-01-09,Completed,6,3.8,1,3.88,3.84,3.64,3.69,4.07,3.8,4.18,Solid work with opportunities to improve prioritization and final presentation quality.,Mentor – Business Intelligence,2026-01
TSK0006,INT002,Ayesha Khan,Power BI & BI,Recruitment BI Report,Cleaning,2026-01-12,2026-01-18,,Overdue,6,,,,,,,,,,Task remains open and should be reviewed in the next mentor checkpoint.,Mentor – Business Intelligence,2026-01
TSK0007,INT002,Ayesha Khan,Power BI & BI,Operations Scorecard,Validation,2026-01-19,2026-01-26,2026-01-25,Completed,7,5.8,1,3.36,3.96,3.9,3.57,3.75,3.96,3.68,Solid work with opportunities to improve prioritization and final presentation quality.,Mentor – Business Intelligence,2026-01
TSK0008,INT002,Ayesha Khan,Power BI & BI,Power BI Storytelling,Analysis,2026-01-07,2026-01-13,,Overdue,6,,,,,,,,,,Task remains open and should be reviewed in the next mentor checkpoint.,Mentor – Business Intelligence,2026-01
TSK0009,INT003,Rehan Mehta,Machine Learning,Prediction Benchmark,Research,2026-01-21,2026-01-23,2026-01-24,Overdue,2,2.1,0,3.75,3.95,3.73,4.09,4.27,4.68,3.86,Meets expectations; focus on stronger documentation and more consistent timeliness.,Mentor – Machine Learning,2026-01
TSK0010,INT003,Rehan Mehta,Machine Learning,Feature Engineering Lab,Documentation,2026-01-09,2026-01-16,2026-01-18,Overdue,7,8.2,0,4.36,3.93,3.95,4.46,3.82,4.43,3.78,Meets expectations; focus on stronger documentation and more consistent timeliness.,Mentor – Machine Learning,2026-01
TSK0011,INT003,Rehan Mehta,Machine Learning,Model Evaluation,Dashboard,2026-01-16,2026-01-22,,Overdue,6,,,,,,,,,,Task remains open and should be reviewed in the next mentor checkpoint.,Mentor – Machine Learning,2026-01
TSK0012,INT003,Rehan Mehta,Machine Learning,Anomaly Detection Study,Presentation,2026-01-04,2026-01-07,2026-01-07,Completed,3,2.6,1,3.96,3.91,4.17,3.94,4.04,4.18,4.48,Meets expectations; focus on stronger documentation and more consistent timeliness.,Mentor – Machine Learning,2026-01
TSK0013,INT004,Zainab Fatima,Web Development,Responsive Portfolio,Automation,2026-01-20,2026-01-23,2026-01-23,Completed,3,2.4,1,3.59,3.42,3.45,3.24,3.48,3.59,3.47,Quality is improving; additional review before submission is recommended.,Mentor – Web Development,2026-01
TSK0014,INT004,Zainab Fatima,Web Development,Analytics Portal,Cleaning,2026-01-08,2026-01-15,2026-01-15,Completed,7,6.4,1,3.6,3.3,3.5,3.33,4.1,3.46,3.42,Needs closer deadline management and more frequent mentor check-ins.,Mentor – Web Development,2026-01
TSK0015,INT004,Zainab Fatima,Web Development,Form Validation App,Validation,2026-01-15,2026-01-20,2026-01-20,Completed,5,4.9,1,3.28,3.48,3.4,3.59,3.22,3.73,3.51,Needs closer deadline management and more frequent mentor check-ins.,Mentor – Web Development,2026-01
TSK0016,INT004,Zainab Fatima,Web Development,Dashboard Frontend,Analysis,2026-01-03,2026-01-05,,Overdue,2,,,,,,,,,,Task remains open and should be reviewed in the next mentor checkpoint.,Mentor – Web Development,2026-01
TSK0017,INT005,Arjun Singh,Business Analysis,Process Gap Review,Research,2026-01-19,2026-01-24,2026-01-24,Completed,5,4.7,1,3.73,3.84,3.82,4.15,3.55,3.67,4.21,Good progress; improve estimation and communicate blockers earlier.,Mentor – Business Analysis,2026-01
TSK0018,INT005,Arjun Singh,Business Analysis,Requirements Matrix,Documentation,2026-01-07,2026-01-13,,Overdue,6,,,,,,,,,,Task remains open and should be reviewed in the next mentor checkpoint.,Mentor – Business Analysis,2026-01
TSK0019,INT005,Arjun Singh,Business Analysis,Stakeholder Analysis,Dashboard,2026-01-14,2026-01-20,,Overdue,6,,,,,,,,,,Task remains open and should be reviewed in the next mentor checkpoint.,Mentor – Business Analysis,2026-01
TSK0020,INT005,Arjun Singh,Business Analysis,Business Case Study,Presentation,2026-01-21,2026-01-25,2026-01-25,Completed,4,3.9,1,3.8,3.48,3.71,3.54,3.83,3.61,4.11,Good progress; improve estimation and communicate blockers earlier.,Mentor – Business Analysis,2026-01
TSK0021,INT006,Hira Memon,IT Support,Support Ticket Analysis,Automation,2026-01-04,2026-01-10,2026-01-09,Completed,6,4.9,1,3.92,4.27,4.2,3.92,4.42,3.92,4.44,Meets expectations; focus on stronger documentation and more consistent timeliness.,Mentor – IT Support,2026-01
TSK0022,INT006,Hira Memon,IT Support,Asset Audit,Cleaning,2026-01-11,2026-01-17,2026-01-16,Completed,6,4.6,1,3.84,3.91,4.24,3.75,4.54,4.17,4.08,Meets expectations; focus on stronger documentation and more consistent timeliness.,Mentor – IT Support,2026-01
TSK0023,INT006,Hira Memon,IT Support,System Health Review,Validation,2026-01-18,2026-01-23,2026-01-23,Completed,5,4.4,1,4.38,4.15,3.81,3.87,4.16,4.6,4.44,Good progress; improve estimation and communicate blockers earlier.,Mentor – IT Support,2026-01
TSK0024,INT006,Hira Memon,IT Support,Knowledge Base Project,Analysis,2026-01-06,2026-01-10,2026-01-10,Completed,4,4.0,1,3.72,3.87,4.24,4.45,3.93,4.34,4.23,Good progress; improve estimation and communicate blockers earlier.,Mentor – IT Support,2026-01
TSK0025,INT007,Hamza Ahmed,Data Analytics,Sales Performance Analysis,Research,2026-01-09,2026-01-16,2026-01-16,Completed,7,6.4,1,3.22,3.57,3.57,3.62,3.19,3.59,3.66,Quality is improving; additional review before submission is recommended.,Mentor – Data Analytics,2026-01
TSK0026,INT007,Hamza Ahmed,Data Analytics,Internship Funnel Analysis,Documentation,2026-01-16,2026-01-21,,Overdue,5,,,,,,,,,,Task remains open and should be reviewed in the next mentor checkpoint.,Mentor – Data Analytics,2026-01
TSK0027,INT007,Hamza Ahmed,Data Analytics,Data Quality Review,Dashboard,2026-01-04,2026-01-10,2026-01-10,Completed,6,5.9,1,3.58,3.59,3.38,3.03,3.2,3.81,3.66,Needs closer deadline management and more frequent mentor check-ins.,Mentor – Data Analytics,2026-01
TSK0028,INT007,Hamza Ahmed,Data Analytics,Executive Analytics Report,Presentation,2026-01-11,2026-01-16,2026-01-16,Completed,5,4.5,1,3.69,3.56,3.51,3.14,3.4,3.51,3.7,"Focus on task planning, validation steps, and clearer progress updates.",Mentor – Data Analytics,2026-01
TSK0029,INT008,Mariam Baloch,Power BI & BI,Executive KPI Dashboard,Automation,2026-01-19,2026-01-21,2026-01-21,Completed,2,1.6,1,3.94,3.88,3.6,3.92,3.52,3.88,4.18,Meets expectations; focus on stronger documentation and more consistent timeliness.,Mentor – Business Intelligence,2026-01
TSK0030,INT008,Mariam Baloch,Power BI & BI,Recruitment BI Report,Cleaning,2026-01-07,2026-01-14,2026-01-14,Completed,7,6.9,1,3.42,3.69,4.08,3.75,3.93,3.97,3.99,Good progress; improve estimation and communicate blockers earlier.,Mentor – Business Intelligence,2026-01
TSK0031,INT008,Mariam Baloch,Power BI & BI,Operations Scorecard,Validation,2026-01-14,2026-01-20,2026-01-20,Completed,6,5.4,1,3.75,4.07,3.86,3.83,3.68,3.94,4.01,Meets expectations; focus on stronger documentation and more consistent timeliness.,Mentor – Business Intelligence,2026-01
TSK0032,INT008,Mariam Baloch,Power BI & BI,Power BI Storytelling,Analysis,2026-01-21,2026-01-27,2026-01-28,Overdue,6,6.4,0,3.82,3.72,3.9,3.81,3.98,3.72,3.18,Solid work with opportunities to improve prioritization and final presentation quality.,Mentor – Business Intelligence,2026-01
TSK0033,INT009,Ali Shah,Machine Learning,Prediction Benchmark,Research,2026-01-04,2026-01-11,,Overdue,7,,,,,,,,,,Task remains open and should be reviewed in the next mentor checkpoint.,Mentor – Machine Learning,2026-01
TSK0034,INT009,Ali Shah,Machine Learning,Feature Engineering Lab,Documentation,2026-01-11,2026-01-18,2026-01-18,Completed,7,6.2,1,4.39,4.23,4.19,4.16,4.52,4.23,4.2,Good progress; improve estimation and communicate blockers earlier.,Mentor – Machine Learning,2026-01
TSK0035,INT009,Ali Shah,Machine Learning,Model Evaluation,Dashboard,2026-01-18,2026-01-23,2026-01-24,Overdue,5,5.4,0,4.2,4.15,4.04,4.22,3.93,4.24,4.04,Solid work with opportunities to improve prioritization and final presentation quality.,Mentor – Machine Learning,2026-01
TSK0036,INT009,Ali Shah,Machine Learning,Anomaly Detection Study,Presentation,2026-01-06,2026-01-10,2026-01-09,Completed,4,2.4,1,3.76,3.98,3.97,4.04,4.16,4.04,4.21,Solid work with opportunities to improve prioritization and final presentation quality.,Mentor – Machine Learning,2026-01
TSK0037,INT010,Neha Hussain,Web Development,Responsive Portfolio,Automation,2026-01-14,2026-01-19,2026-01-19,Completed,5,5.0,1,3.16,3.21,3.22,3.54,3.42,3.33,3.8,Needs closer deadline management and more frequent mentor check-ins.,Mentor – Web Development,2026-01
TSK0038,INT010,Neha Hussain,Web Development,Analytics Portal,Cleaning,2026-01-21,2026-01-27,2026-01-27,Completed,6,5.9,1,3.16,3.58,3.78,3.2,3.64,3.79,3.8,Quality is improving; additional review before submission is recommended.,Mentor – Web Development,2026-01
TSK0039,INT010,Neha Hussain,Web Development,Form Validation App,Validation,2026-01-09,2026-01-15,,Overdue,6,,,,,,,,,,Task remains open and should be reviewed in the next mentor checkpoint.,Mentor – Web Development,2026-01
TSK0040,INT010,Neha Hussain,Web Development,Dashboard Frontend,Analysis,2026-01-16,2026-01-23,,Overdue,7,,,,,,,,,,Task remains open and should be reviewed in the next mentor checkpoint.,Mentor – Web Development,2026-01
TSK0041,INT011,Sara Malik,Business Analysis,Process Gap Review,Research,2026-01-14,2026-01-18,2026-01-19,Overdue,4,4.4,0,3.35,3.71,4.02,3.66,3.79,3.95,3.35,Solid work with opportunities to improve prioritization and final presentation quality.,Mentor – Business Analysis,2026-01
TSK0042,INT011,Sara Malik,Business Analysis,Requirements Matrix,Documentation,2026-01-21,2026-01-28,,Overdue,7,,,,,,,,,,Task remains open and should be reviewed in the next mentor checkpoint.,Mentor – Business Analysis,2026-01
TSK0043,INT011,Sara Malik,Business Analysis,Stakeholder Analysis,Dashboard,2026-01-09,2026-01-13,,Overdue,4,,,,,,,,,,Task remains open and should be reviewed in the next mentor checkpoint.,Mentor – Business Analysis,2026-01
TSK0044,INT011,Sara Malik,Business Analysis,Business Case Study,Presentation,2026-01-16,2026-01-19,2026-01-20,Overdue,3,3.4,0,3.48,3.89,3.95,3.72,3.71,3.81,3.35,Meets expectations; focus on stronger documentation and more consistent timeliness.,Mentor – Business Analysis,2026-01
TSK0045,INT012,Usman Ali,IT Support,Support Ticket Analysis,Automation,2026-01-13,2026-01-15,2026-01-15,Completed,2,1.7,1,3.92,4.36,4.06,4.62,3.79,4.53,4.35,Meets expectations; focus on stronger documentation and more consistent timeliness.,Mentor – IT Support,2026-01
TSK0046,INT012,Usman Ali,IT Support,Asset Audit,Cleaning,2026-01-20,2026-01-23,,Overdue,3,,,,,,,,,,Task remains open and should be reviewed in the next mentor checkpoint.,Mentor – IT Support,2026-01
TSK0047,INT012,Usman Ali,IT Support,System Health Review,Validation,2026-01-08,2026-01-13,,Overdue,5,,,,,,,,,,Task remains open and should be reviewed in the next mentor checkpoint.,Mentor – IT Support,2026-01
TSK0048,INT012,Usman Ali,IT Support,Knowledge Base Project,Analysis,2026-01-15,2026-01-22,2026-01-24,Overdue,7,8.2,0,4.07,4.23,4.3,3.95,4.63,4.28,3.96,Good progress; improve estimation and communicate blockers earlier.,Mentor – IT Support,2026-01
TSK0049,INT013,Fatima Noor,Data Analytics,Sales Performance Analysis,Research,2026-01-19,2026-01-21,2026-01-21,Completed,2,1.7,1,3.36,3.43,3.37,3.44,3.39,3.66,3.46,"Focus on task planning, validation steps, and clearer progress updates.",Mentor – Data Analytics,2026-01
TSK0050,INT013,Fatima Noor,Data Analytics,Internship Funnel Analysis,Documentation,2026-01-07,2026-01-13,2026-01-14,Overdue,6,6.5,0,3.28,3.35,3.44,3.56,3.43,3.55,2.86,"Focus on task planning, validation steps, and clearer progress updates.",Mentor – Data Analytics,2026-01
TSK0051,INT013,Fatima Noor,Data Analytics,Data Quality Review,Dashboard,2026-01-14,2026-01-17,2026-01-18,Overdue,3,3.2,0,2.97,3.24,3.2,3.57,3.05,3.74,2.96,Needs closer deadline management and more frequent mentor check-ins.,Mentor – Data Analytics,2026-01
TSK0052,INT013,Fatima Noor,Data Analytics,Executive Analytics Report,Presentation,2026-01-21,2026-01-27,2026-01-27,Completed,6,5.5,1,3.13,3.54,3.24,3.81,3.64,3.56,3.63,"Focus on task planning, validation steps, and clearer progress updates.",Mentor – Data Analytics,2026-01
TSK0053,INT014,Bilal Shaikh,Power BI & BI,Executive KPI Dashboard,Automation,2026-01-03,2026-01-09,,Overdue,6,,,,,,,,,,Task remains open and should be reviewed in the next mentor checkpoint.,Mentor – Business Intelligence,2026-01
TSK0054,INT014,Bilal Shaikh,Power BI & BI,Recruitment BI Report,Cleaning,2026-01-10,2026-01-14,2026-01-13,Completed,4,2.7,1,3.37,3.69,3.46,3.89,3.71,3.83,3.75,Good progress; improve estimation and communicate blockers earlier.,Mentor – Business Intelligence,2026-01
TSK0055,INT014,Bilal Shaikh,Power BI & BI,Operations Scorecard,Validation,2026-01-17,2026-01-22,2026-01-23,Overdue,5,5.5,0,3.59,3.85,3.86,3.46,4.22,4.42,3.35,Meets expectations; focus on stronger documentation and more consistent timeliness.,Mentor – Business Intelligence,2026-01
TSK0056,INT014,Bilal Shaikh,Power BI & BI,Power BI Storytelling,Analysis,2026-01-05,2026-01-09,2026-01-10,Overdue,4,4.4,0,4.09,3.44,4.05,3.54,3.98,4.04,3.77,Good progress; improve estimation and communicate blockers earlier.,Mentor – Business Intelligence,2026-01
TSK0057,INT015,Iqra Khan,Machine Learning,Prediction Benchmark,Research,2026-01-20,2026-01-25,2026-01-24,Completed,5,3.1,1,4.25,4.13,4.2,4.27,4.06,4.39,4.39,Good progress; improve estimation and communicate blockers earlier.,Mentor – Machine Learning,2026-01
TSK0058,INT015,Iqra Khan,Machine Learning,Feature Engineering Lab,Documentation,2026-01-08,2026-01-10,2026-01-10,Completed,2,1.9,1,4.21,3.89,4.12,3.92,4.72,4.12,3.97,Good progress; improve estimation and communicate blockers earlier.,Mentor – Machine Learning,2026-01
TSK0059,INT015,Iqra Khan,Machine Learning,Model Evaluation,Dashboard,2026-01-15,2026-01-20,,Overdue,5,,,,,,,,,,Task remains open and should be reviewed in the next mentor checkpoint.,Mentor – Machine Learning,2026-01
TSK0060,INT015,Iqra Khan,Machine Learning,Anomaly Detection Study,Presentation,2026-01-03,2026-01-09,,Overdue,6,,,,,,,,,,Task remains open and should be reviewed in the next mentor checkpoint.,Mentor – Machine Learning,2026-01
TSK0061,INT016,Danish Raza,Web Development,Responsive Portfolio,Automation,2026-01-10,2026-01-14,2026-01-15,Overdue,4,4.5,0,3.15,3.32,3.5,3.22,3.54,3.87,3.08,Needs closer deadline management and more frequent mentor check-ins.,Mentor – Web Development,2026-01
TSK0062,INT016,Danish Raza,Web Development,Analytics Portal,Cleaning,2026-01-17,2026-01-22,,Overdue,5,,,,,,,,,,Task remains open and should be reviewed in the next mentor checkpoint.,Mentor – Web Development,2026-01
TSK0063,INT016,Danish Raza,Web Development,Form Validation App,Validation,2026-01-05,2026-01-10,2026-01-10,Completed,5,4.6,1,3.04,3.47,3.74,3.61,3.5,3.32,3.31,"Focus on task planning, validation steps, and clearer progress updates.",Mentor – Web Development,2026-01
TSK0064,INT016,Danish Raza,Web Development,Dashboard Frontend,Analysis,2026-01-12,2026-01-15,2026-01-15,Completed,3,2.7,1,3.32,3.5,3.53,3.11,3.53,3.56,3.63,"Focus on task planning, validation steps, and clearer progress updates.",Mentor – Web Development,2026-01
TSK0065,INT017,Zoya Malik,Business Analysis,Process Gap Review,Research,2026-01-05,2026-01-07,2026-01-07,Completed,2,1.7,1,3.78,3.77,3.72,3.33,4.29,3.95,4.11,Good progress; improve estimation and communicate blockers earlier.,Mentor – Business Analysis,2026-01
TSK0066,INT017,Zoya Malik,Business Analysis,Requirements Matrix,Documentation,2026-01-12,2026-01-14,2026-01-14,Completed,2,1.7,1,3.53,3.86,3.56,3.92,4.01,3.95,4.2,Solid work with opportunities to improve prioritization and final presentation quality.,Mentor – Business Analysis,2026-01
TSK0067,INT017,Zoya Malik,Business Analysis,Stakeholder Analysis,Dashboard,2026-01-19,2026-01-23,2026-01-23,Completed,4,3.3,1,3.82,3.62,3.9,3.61,3.68,3.76,3.95,Good progress; improve estimation and communicate blockers earlier.,Mentor – Business Analysis,2026-01
TSK0068,INT017,Zoya Malik,Business Analysis,Business Case Study,Presentation,2026-01-07,2026-01-09,2026-01-09,Completed,2,1.9,1,3.81,3.82,3.82,3.63,3.97,4.02,4.05,Meets expectations; focus on stronger documentation and more consistent timeliness.,Mentor – Business Analysis,2026-01
TSK0069,INT018,Fahad Ali,IT Support,Support Ticket Analysis,Automation,2026-01-20,2026-01-22,,Overdue,2,,,,,,,,,,Task remains open and should be reviewed in the next mentor checkpoint.,Mentor – IT Support,2026-01
TSK0070,INT018,Fahad Ali,IT Support,Asset Audit,Cleaning,2026-01-08,2026-01-13,,Overdue,5,,,,,,,,,,Task remains open and should be reviewed in the next mentor checkpoint.,Mentor – IT Support,2026-01
TSK0071,INT018,Fahad Ali,IT Support,System Health Review,Validation,2026-01-15,2026-01-22,,Overdue,7,,,,,,,,,,Task remains open and should be reviewed in the next mentor checkpoint.,Mentor – IT Support,2026-01
TSK0072,INT018,Fahad Ali,IT Support,Knowledge Base Project,Analysis,2026-01-03,2026-01-06,2026-01-05,Completed,3,1.9,1,3.95,4.11,4.3,4.14,4.14,4.07,4.21,Good progress; improve estimation and communicate blockers earlier.,Mentor – IT Support,2026-01
TSK0073,INT019,Sana Noor,Data Analytics,Sales Performance Analysis,Research,2026-01-15,2026-01-18,2026-01-19,Overdue,3,3.4,0,3.25,3.18,3.42,3.29,3.48,3.62,2.84,Needs closer deadline management and more frequent mentor check-ins.,Mentor – Data Analytics,2026-01
TSK0074,INT019,Sana Noor,Data Analytics,Internship Funnel Analysis,Documentation,2026-01-03,2026-01-09,2026-01-09,Completed,6,5.4,1,3.59,3.31,3.3,3.3,3.37,3.43,3.68,"Focus on task planning, validation steps, and clearer progress updates.",Mentor – Data Analytics,2026-01
TSK0075,INT019,Sana Noor,Data Analytics,Data Quality Review,Dashboard,2026-01-10,2026-01-14,2026-01-16,Overdue,4,5.1,0,3.16,3.32,3.62,3.29,3.4,3.41,3.31,Quality is improving; additional review before submission is recommended.,Mentor – Data Analytics,2026-01
TSK0076,INT019,Sana Noor,Data Analytics,Executive Analytics Report,Presentation,2026-01-17,2026-01-22,2026-01-24,Overdue,5,6.2,0,3.75,3.51,3.49,3.63,3.53,3.12,3.08,Quality is improving; additional review before submission is recommended.,Mentor – Data Analytics,2026-01
TSK0077,INT020,Adeel Ahmed,Power BI & BI,Executive KPI Dashboard,Automation,2026-01-05,2026-01-09,2026-01-09,Completed,4,3.4,1,3.81,3.69,3.8,3.83,3.75,4.12,4.13,Meets expectations; focus on stronger documentation and more consistent timeliness.,Mentor – Business Intelligence,2026-01
TSK0078,INT020,Adeel Ahmed,Power BI & BI,Recruitment BI Report,Cleaning,2026-01-12,2026-01-16,2026-01-17,Overdue,4,4.6,0,3.66,3.88,3.81,4.01,3.6,3.98,3.54,Good progress; improve estimation and communicate blockers earlier.,Mentor – Business Intelligence,2026-01
TSK0079,INT020,Adeel Ahmed,Power BI & BI,Operations Scorecard,Validation,2026-01-19,2026-01-22,2026-01-23,Overdue,3,3.1,0,3.67,3.83,3.88,3.95,3.86,4.03,3.43,Solid work with opportunities to improve prioritization and final presentation quality.,Mentor – Business Intelligence,2026-01
TSK0080,INT020,Adeel Ahmed,Power BI & BI,Power BI Storytelling,Analysis,2026-01-07,2026-01-09,2026-01-09,Completed,2,2.0,1,3.62,4.1,3.74,4.01,3.77,3.76,3.83,Solid work with opportunities to improve prioritization and final presentation quality.,Mentor – Business Intelligence,2026-01
TSK0081,INT021,Mahnoor Baloch,Machine Learning,Prediction Benchmark,Research,2026-01-09,2026-01-14,2026-01-15,Overdue,5,5.6,0,3.96,4.06,3.9,4.24,4.51,4.21,3.64,Meets expectations; focus on stronger documentation and more consistent timeliness.,Mentor – Machine Learning,2026-01
TSK0082,INT021,Mahnoor Baloch,Machine Learning,Feature Engineering Lab,Documentation,2026-01-16,2026-01-18,2026-01-19,Overdue,2,2.3,0,3.86,4.0,4.17,4.39,4.29,4.5,3.43,Solid work with opportunities to improve prioritization and final presentation quality.,Mentor – Machine Learning,2026-01
TSK0083,INT021,Mahnoor Baloch,Machine Learning,Model Evaluation,Dashboard,2026-01-04,2026-01-09,2026-01-09,Completed,5,4.6,1,4.29,4.16,4.53,4.08,4.08,4.32,4.29,Good progress; improve estimation and communicate blockers earlier.,Mentor – Machine Learning,2026-01
TSK0084,INT021,Mahnoor Baloch,Machine Learning,Anomaly Detection Study,Presentation,2026-01-11,2026-01-16,2026-01-16,Completed,5,4.5,1,4.43,4.13,4.19,4.23,4.25,4.32,4.57,Solid work with opportunities to improve prioritization and final presentation quality.,Mentor – Machine Learning,2026-01
TSK0085,INT022,Saad Shah,Web Development,Responsive Portfolio,Automation,2026-01-07,2026-01-11,2026-01-11,Completed,4,3.5,1,3.47,3.39,3.14,3.3,3.74,3.29,3.74,Needs closer deadline management and more frequent mentor check-ins.,Mentor – Web Development,2026-01
TSK0086,INT022,Saad Shah,Web Development,Analytics Portal,Cleaning,2026-01-14,2026-01-21,2026-01-22,Overdue,7,7.8,0,3.26,3.17,3.31,3.81,3.76,3.59,3.12,Needs closer deadline management and more frequent mentor check-ins.,Mentor – Web Development,2026-01
TSK0087,INT022,Saad Shah,Web Development,Form Validation App,Validation,2026-01-21,2026-01-28,2026-01-29,Overdue,7,7.2,0,3.39,3.11,3.55,3.13,3.33,3.37,3.07,"Focus on task planning, validation steps, and clearer progress updates.",Mentor – Web Development,2026-01
TSK0088,INT022,Saad Shah,Web Development,Dashboard Frontend,Analysis,2026-01-09,2026-01-14,2026-01-14,Completed,5,4.6,1,3.13,3.21,3.74,3.97,3.89,3.53,3.63,Needs closer deadline management and more frequent mentor check-ins.,Mentor – Web Development,2026-01
TSK0089,INT023,Rida Memon,Business Analysis,Process Gap Review,Research,2026-01-11,2026-01-17,2026-01-16,Completed,6,5.0,1,3.7,3.91,3.87,3.82,3.73,4.42,4.0,Solid work with opportunities to improve prioritization and final presentation quality.,Mentor – Business Analysis,2026-01
TSK0090,INT023,Rida Memon,Business Analysis,Requirements Matrix,Documentation,2026-01-18,2026-01-22,2026-01-23,Overdue,4,4.7,0,3.46,3.7,3.77,3.65,4.3,3.61,3.61,Good progress; improve estimation and communicate blockers earlier.,Mentor – Business Analysis,2026-01
TSK0091,INT023,Rida Memon,Business Analysis,Stakeholder Analysis,Dashboard,2026-01-06,2026-01-10,,Overdue,4,,,,,,,,,,Task remains open and should be reviewed in the next mentor checkpoint.,Mentor – Business Analysis,2026-01
TSK0092,INT023,Rida Memon,Business Analysis,Business Case Study,Presentation,2026-01-13,2026-01-17,2026-01-19,Overdue,4,5.3,0,3.6,3.82,3.9,3.85,4.3,3.81,3.39,Good progress; improve estimation and communicate blockers earlier.,Mentor – Business Analysis,2026-01
TSK0093,INT024,Hassan Shaikh,IT Support,Support Ticket Analysis,Automation,2026-01-03,2026-01-06,2026-01-07,Overdue,3,3.1,0,4.05,3.93,4.19,4.36,4.22,4.57,3.94,Meets expectations; focus on stronger documentation and more consistent timeliness.,Mentor – IT Support,2026-01
TSK0094,INT024,Hassan Shaikh,IT Support,Asset Audit,Cleaning,2026-01-10,2026-01-15,2026-01-15,Completed,5,4.8,1,4.06,4.04,4.32,3.9,4.29,4.15,4.35,Solid work with opportunities to improve prioritization and final presentation quality.,Mentor – IT Support,2026-01
TSK0095,INT024,Hassan Shaikh,IT Support,System Health Review,Validation,2026-01-17,2026-01-22,2026-01-22,Completed,5,4.7,1,4.26,4.16,4.07,4.31,4.38,4.28,4.27,Good progress; improve estimation and communicate blockers earlier.,Mentor – IT Support,2026-01
TSK0096,INT024,Hassan Shaikh,IT Support,Knowledge Base Project,Analysis,2026-01-05,2026-01-12,2026-01-13,Overdue,7,7.1,0,4.09,4.06,4.54,4.09,4.16,4.28,3.87,Solid work with opportunities to improve prioritization and final presentation quality.,Mentor – IT Support,2026-01
TSK0097,INT025,Anum Hussain,Data Analytics,Sales Performance Analysis,Research,2026-01-19,2026-01-23,2026-01-24,Overdue,4,4.6,0,3.24,3.25,3.8,3.67,3.11,3.74,2.88,"Focus on task planning, validation steps, and clearer progress updates.",Mentor – Data Analytics,2026-01
TSK0098,INT025,Anum Hussain,Data Analytics,Internship Funnel Analysis,Documentation,2026-01-07,2026-01-13,,Overdue,6,,,,,,,,,,Task remains open and should be reviewed in the next mentor checkpoint.,Mentor – Data Analytics,2026-01
TSK0099,INT025,Anum Hussain,Data Analytics,Data Quality Review,Dashboard,2026-01-14,2026-01-17,2026-01-17,Completed,3,2.9,1,3.36,3.45,3.65,3.56,3.63,3.62,3.74,"Focus on task planning, validation steps, and clearer progress updates.",Mentor – Data Analytics,2026-01
TSK0100,INT025,Anum Hussain,Data Analytics,Executive Analytics Report,Presentation,2026-01-21,2026-01-28,2026-01-29,Overdue,7,7.3,0,3.17,3.1,3.56,3.58,3.69,3.49,3.12,Needs closer deadline management and more frequent mentor check-ins.,Mentor – Data Analytics,2026-01
TSK0101,INT026,Farhan Qureshi,Power BI & BI,Executive KPI Dashboard,Automation,2026-01-07,2026-01-12,2026-01-11,Completed,5,4.0,1,4.15,3.92,3.77,3.76,3.64,3.8,4.04,Meets expectations; focus on stronger documentation and more consistent timeliness.,Mentor – Business Intelligence,2026-01
TSK0102,INT026,Farhan Qureshi,Power BI & BI,Recruitment BI Report,Cleaning,2026-01-14,2026-01-16,,Overdue,2,,,,,,,,,,Task remains open and should be reviewed in the next mentor checkpoint.,Mentor – Business Intelligence,2026-01
TSK0103,INT026,Farhan Qureshi,Power BI & BI,Operations Scorecard,Validation,2026-01-21,2026-01-23,2026-01-23,Completed,2,1.6,1,3.97,4.0,3.88,3.82,3.84,3.49,4.19,Good progress; improve estimation and communicate blockers earlier.,Mentor – Business Intelligence,2026-01
TSK0104,INT026,Farhan Qureshi,Power BI & BI,Power BI Storytelling,Analysis,2026-01-09,2026-01-15,,Overdue,6,,,,,,,,,,Task remains open and should be reviewed in the next mentor checkpoint.,Mentor – Business Intelligence,2026-01
TSK0105,INT027,Mehak Khan,Machine Learning,Prediction Benchmark,Research,2026-01-11,2026-01-18,2026-01-16,Completed,7,4.8,1,4.59,4.19,4.41,4.12,4.16,4.36,4.37,Solid work with opportunities to improve prioritization and final presentation quality.,Mentor – Machine Learning,2026-01
TSK0106,INT027,Mehak Khan,Machine Learning,Feature Engineering Lab,Documentation,2026-01-18,2026-01-21,2026-01-21,Completed,3,2.3,1,4.03,3.99,4.23,4.2,4.34,4.24,4.5,Good progress; improve estimation and communicate blockers earlier.,Mentor – Machine Learning,2026-01
TSK0107,INT027,Mehak Khan,Machine Learning,Model Evaluation,Dashboard,2026-01-06,2026-01-09,2026-01-08,Completed,3,2.0,1,4.19,4.03,4.23,4.62,4.2,4.39,4.42,Good progress; improve estimation and communicate blockers earlier.,Mentor – Machine Learning,2026-01
TSK0108,INT027,Mehak Khan,Machine Learning,Anomaly Detection Study,Presentation,2026-01-13,2026-01-18,2026-01-18,Completed,5,4.9,1,4.09,4.18,4.03,4.43,4.11,4.28,4.24,Solid work with opportunities to improve prioritization and final presentation quality.,Mentor – Machine Learning,2026-01
TSK0109,INT028,Taha Raza,Web Development,Responsive Portfolio,Automation,2026-01-15,2026-01-19,,Overdue,4,,,,,,,,,,Task remains open and should be reviewed in the next mentor checkpoint.,Mentor – Web Development,2026-01
TSK0110,INT028,Taha Raza,Web Development,Analytics Portal,Cleaning,2026-01-03,2026-01-05,2026-01-05,Completed,2,2.0,1,3.24,3.56,3.35,3.69,3.79,3.68,3.67,Needs closer deadline management and more frequent mentor check-ins.,Mentor – Web Development,2026-01
TSK0111,INT028,Taha Raza,Web Development,Form Validation App,Validation,2026-01-10,2026-01-17,2026-01-17,Completed,7,6.4,1,3.61,3.46,3.59,3.64,3.7,3.67,3.77,Quality is improving; additional review before submission is recommended.,Mentor – Web Development,2026-01
TSK0112,INT028,Taha Raza,Web Development,Dashboard Frontend,Analysis,2026-01-17,2026-01-23,2026-01-24,Overdue,6,6.5,0,3.08,3.63,3.39,3.48,3.56,3.72,3.05,"Focus on task planning, validation steps, and clearer progress updates.",Mentor – Web Development,2026-01
TSK0113,INT029,Nimra Malik,Business Analysis,Process Gap Review,Research,2026-01-04,2026-01-11,2026-01-09,Completed,7,4.7,1,3.65,3.84,3.83,4.01,3.95,3.75,4.33,Good progress; improve estimation and communicate blockers earlier.,Mentor – Business Analysis,2026-01
TSK0114,INT029,Nimra Malik,Business Analysis,Requirements Matrix,Documentation,2026-01-11,2026-01-16,2026-01-17,Overdue,5,5.3,0,3.81,3.4,4.04,3.91,4.02,3.89,3.44,Good progress; improve estimation and communicate blockers earlier.,Mentor – Business Analysis,2026-01
TSK0115,INT029,Nimra Malik,Business Analysis,Stakeholder Analysis,Dashboard,2026-01-18,2026-01-23,2026-01-25,Overdue,5,6.3,0,3.45,3.84,4.11,3.67,3.77,4.38,3.27,Solid work with opportunities to improve prioritization and final presentation quality.,Mentor – Business Analysis,2026-01
TSK0116,INT029,Nimra Malik,Business Analysis,Business Case Study,Presentation,2026-01-06,2026-01-10,,Overdue,4,,,,,,,,,,Task remains open and should be reviewed in the next mentor checkpoint.,Mentor – Business Analysis,2026-01
TSK0117,INT030,Arham Ahmed,IT Support,Support Ticket Analysis,Automation,2026-01-12,2026-01-18,,Overdue,6,,,,,,,,,,Task remains open and should be reviewed in the next mentor checkpoint.,Mentor – IT Support,2026-01
TSK0118,INT030,Arham Ahmed,IT Support,Asset Audit,Cleaning,2026-01-19,2026-01-23,2026-01-23,Completed,4,3.5,1,4.27,4.4,4.42,3.94,4.34,4.48,4.19,Meets expectations; focus on stronger documentation and more consistent timeliness.,Mentor – IT Support,2026-01
TSK0119,INT030,Arham Ahmed,IT Support,System Health Review,Validation,2026-01-07,2026-01-10,2026-01-10,Completed,3,2.9,1,4.24,4.13,4.6,4.41,4.35,4.3,4.57,Meets expectations; focus on stronger documentation and more consistent timeliness.,Mentor – IT Support,2026-01
TSK0120,INT030,Arham Ahmed,IT Support,Knowledge Base Project,Analysis,2026-01-14,2026-01-21,2026-01-21,Completed,7,6.5,1,4.01,4.21,4.31,4.39,3.95,4.27,4.44,Solid work with opportunities to improve prioritization and final presentation quality.,Mentor – IT Support,2026-01
TSK0121,INT001,Sajid Ali,Data Analytics,Internship Funnel Analysis,Research,2026-02-05,2026-02-07,2026-02-07,Completed,2,1.7,1,4.72,4.78,4.87,4.66,5.0,4.77,4.74,Strong technical execution with thoughtful documentation and proactive mentor updates.,Internee.pk Mentor,2026-02
TSK0122,INT001,Sajid Ali,Data Analytics,Data Quality Review,Documentation,2026-02-12,2026-02-18,2026-02-16,Completed,6,4.0,1,4.72,4.79,4.75,4.66,4.72,5.0,4.77,Strong technical execution with thoughtful documentation and proactive mentor updates.,Internee.pk Mentor,2026-02
TSK0123,INT001,Sajid Ali,Data Analytics,Executive Analytics Report,Dashboard,2026-02-03,2026-02-08,2026-02-08,Completed,5,4.3,1,4.72,4.78,4.75,4.77,4.98,4.79,4.87,Strong technical execution with thoughtful documentation and proactive mentor updates.,Internee.pk Mentor,2026-02
TSK0124,INT001,Sajid Ali,Data Analytics,Sales Performance Analysis,Presentation,2026-02-10,2026-02-12,2026-02-12,Completed,2,1.7,1,4.83,4.86,4.75,4.69,4.81,4.92,4.89,Strong technical execution with thoughtful documentation and proactive mentor updates.,Internee.pk Mentor,2026-02
TSK0125,INT002,Ayesha Khan,Power BI & BI,Recruitment BI Report,Automation,2026-02-04,2026-02-07,,Overdue,3,,,,,,,,,,Task remains open and should be reviewed in the next mentor checkpoint.,Mentor – Business Intelligence,2026-02
TSK0126,INT002,Ayesha Khan,Power BI & BI,Operations Scorecard,Cleaning,2026-02-11,2026-02-15,2026-02-15,Completed,4,3.5,1,3.51,3.82,3.96,3.99,3.91,3.82,3.84,Solid work with opportunities to improve prioritization and final presentation quality.,Mentor – Business Intelligence,2026-02
TSK0127,INT002,Ayesha Khan,Power BI & BI,Power BI Storytelling,Validation,2026-02-18,2026-02-23,,Overdue,5,,,,,,,,,,Task remains open and should be reviewed in the next mentor checkpoint.,Mentor – Business Intelligence,2026-02
TSK0128,INT002,Ayesha Khan,Power BI & BI,Executive KPI Dashboard,Analysis,2026-02-09,2026-02-15,2026-02-15,Completed,6,5.8,1,3.77,3.73,4.25,4.07,3.8,3.99,4.0,Good progress; improve estimation and communicate blockers earlier.,Mentor – Business Intelligence,2026-02
TSK0129,INT003,Rehan Mehta,Machine Learning,Feature Engineering Lab,Research,2026-02-15,2026-02-21,2026-02-21,Completed,6,5.2,1,3.98,4.19,4.36,3.79,4.23,4.24,4.36,Meets expectations; focus on stronger documentation and more consistent timeliness.,Mentor – Machine Learning,2026-02
TSK0130,INT003,Rehan Mehta,Machine Learning,Model Evaluation,Documentation,2026-02-06,2026-02-10,2026-02-11,Overdue,4,4.2,0,3.87,3.92,4.3,4.21,4.23,4.09,3.81,Solid work with opportunities to improve prioritization and final presentation quality.,Mentor – Machine Learning,2026-02
TSK0131,INT003,Rehan Mehta,Machine Learning,Anomaly Detection Study,Dashboard,2026-02-13,2026-02-19,,Overdue,6,,,,,,,,,,Task remains open and should be reviewed in the next mentor checkpoint.,Mentor – Machine Learning,2026-02
TSK0132,INT003,Rehan Mehta,Machine Learning,Prediction Benchmark,Presentation,2026-02-04,2026-02-10,2026-02-09,Completed,6,4.9,1,4.26,4.36,4.06,3.85,4.2,4.22,4.42,Good progress; improve estimation and communicate blockers earlier.,Mentor – Machine Learning,2026-02
TSK0133,INT004,Zainab Fatima,Web Development,Analytics Portal,Automation,2026-02-06,2026-02-11,2026-02-10,Completed,5,3.8,1,3.49,3.2,3.29,3.7,3.74,3.55,3.48,"Focus on task planning, validation steps, and clearer progress updates.",Mentor – Web Development,2026-02
TSK0134,INT004,Zainab Fatima,Web Development,Form Validation App,Cleaning,2026-02-13,2026-02-16,,Overdue,3,,,,,,,,,,Task remains open and should be reviewed in the next mentor checkpoint.,Mentor – Web Development,2026-02
TSK0135,INT004,Zainab Fatima,Web Development,Dashboard Frontend,Validation,2026-02-04,2026-02-08,,Overdue,4,,,,,,,,,,Task remains open and should be reviewed in the next mentor checkpoint.,Mentor – Web Development,2026-02
TSK0136,INT004,Zainab Fatima,Web Development,Responsive Portfolio,Analysis,2026-02-11,2026-02-15,,Overdue,4,,,,,,,,,,Task remains open and should be reviewed in the next mentor checkpoint.,Mentor – Web Development,2026-02
TSK0137,INT005,Arjun Singh,Business Analysis,Requirements Matrix,Research,2026-02-09,2026-02-16,2026-02-15,Completed,7,5.9,1,3.5,3.27,4.14,3.96,3.96,4.04,3.76,Meets expectations; focus on stronger documentation and more consistent timeliness.,Mentor – Business Analysis,2026-02
TSK0138,INT005,Arjun Singh,Business Analysis,Stakeholder Analysis,Documentation,2026-02-16,2026-02-20,2026-02-20,Completed,4,3.3,1,3.38,3.82,3.8,4.08,3.68,4.02,4.17,Meets expectations; focus on stronger documentation and more consistent timeliness.,Mentor – Business Analysis,2026-02
TSK0139,INT005,Arjun Singh,Business Analysis,Business Case Study,Dashboard,2026-02-07,2026-02-09,2026-02-09,Completed,2,2.0,1,3.54,3.88,3.71,3.72,3.47,4.05,3.8,Solid work with opportunities to improve prioritization and final presentation quality.,Mentor – Business Analysis,2026-02
TSK0140,INT005,Arjun Singh,Business Analysis,Process Gap Review,Presentation,2026-02-14,2026-02-16,2026-02-16,Completed,2,1.5,1,3.97,3.9,3.79,3.84,3.79,4.17,4.01,Good progress; improve estimation and communicate blockers earlier.,Mentor – Business Analysis,2026-02
TSK0141,INT006,Hira Memon,IT Support,Asset Audit,Automation,2026-02-14,2026-02-20,,Overdue,6,,,,,,,,,,Task remains open and should be reviewed in the next mentor checkpoint.,Mentor – IT Support,2026-02
TSK0142,INT006,Hira Memon,IT Support,System Health Review,Cleaning,2026-02-05,2026-02-11,,Overdue,6,,,,,,,,,,Task remains open and should be reviewed in the next mentor checkpoint.,Mentor – IT Support,2026-02
TSK0143,INT006,Hira Memon,IT Support,Knowledge Base Project,Validation,2026-02-12,2026-02-14,,Overdue,2,,,,,,,,,,Task remains open and should be reviewed in the next mentor checkpoint.,Mentor – IT Support,2026-02
TSK0144,INT006,Hira Memon,IT Support,Support Ticket Analysis,Analysis,2026-02-03,2026-02-07,2026-02-06,Completed,4,3.0,1,3.63,4.21,4.33,4.2,4.03,4.34,4.33,Meets expectations; focus on stronger documentation and more consistent timeliness.,Mentor – IT Support,2026-02
TSK0145,INT007,Hamza Ahmed,Data Analytics,Internship Funnel Analysis,Research,2026-02-11,2026-02-15,2026-02-16,Overdue,4,4.6,0,2.92,3.28,3.26,3.24,3.71,3.6,3.0,Quality is improving; additional review before submission is recommended.,Mentor – Data Analytics,2026-02
TSK0146,INT007,Hamza Ahmed,Data Analytics,Data Quality Review,Documentation,2026-02-18,2026-02-20,2026-02-21,Overdue,2,2.2,0,3.28,3.55,3.51,3.06,3.74,3.7,2.85,Quality is improving; additional review before submission is recommended.,Mentor – Data Analytics,2026-02
TSK0147,INT007,Hamza Ahmed,Data Analytics,Executive Analytics Report,Dashboard,2026-02-09,2026-02-16,2026-02-17,Overdue,7,7.6,0,3.28,3.51,3.11,3.46,3.31,3.69,2.97,"Focus on task planning, validation steps, and clearer progress updates.",Mentor – Data Analytics,2026-02
TSK0148,INT007,Hamza Ahmed,Data Analytics,Sales Performance Analysis,Presentation,2026-02-16,2026-02-18,2026-02-19,Overdue,2,2.6,0,3.34,2.81,3.24,3.47,3.37,3.71,3.28,Quality is improving; additional review before submission is recommended.,Mentor – Data Analytics,2026-02
TSK0149,INT008,Mariam Baloch,Power BI & BI,Recruitment BI Report,Automation,2026-02-17,2026-02-24,2026-02-24,Completed,7,6.9,1,3.74,3.94,3.9,4.05,3.94,3.28,4.07,Good progress; improve estimation and communicate blockers earlier.,Mentor – Business Intelligence,2026-02
TSK0150,INT008,Mariam Baloch,Power BI & BI,Operations Scorecard,Cleaning,2026-02-08,2026-02-14,2026-02-14,Completed,6,5.6,1,3.51,3.88,4.13,3.67,4.0,3.68,3.98,Solid work with opportunities to improve prioritization and final presentation quality.,Mentor – Business Intelligence,2026-02
TSK0151,INT008,Mariam Baloch,Power BI & BI,Power BI Storytelling,Validation,2026-02-15,2026-02-19,2026-02-20,Overdue,4,4.6,0,3.65,3.99,3.94,3.92,3.6,3.93,3.38,Solid work with opportunities to improve prioritization and final presentation quality.,Mentor – Business Intelligence,2026-02
TSK0152,INT008,Mariam Baloch,Power BI & BI,Executive KPI Dashboard,Analysis,2026-02-06,2026-02-12,2026-02-12,Completed,6,5.7,1,3.82,3.84,3.74,3.78,3.9,3.97,3.81,Meets expectations; focus on stronger documentation and more consistent timeliness.,Mentor – Business Intelligence,2026-02
TSK0153,INT009,Ali Shah,Machine Learning,Feature Engineering Lab,Research,2026-02-18,2026-02-23,,Overdue,5,,,,,,,,,,Task remains open and should be reviewed in the next mentor checkpoint.,Mentor – Machine Learning,2026-02
TSK0154,INT009,Ali Shah,Machine Learning,Model Evaluation,Documentation,2026-02-09,2026-02-14,2026-02-14,Completed,5,5.0,1,4.15,3.78,4.17,4.32,4.19,4.12,4.32,Good progress; improve estimation and communicate blockers earlier.,Mentor – Machine Learning,2026-02
TSK0155,INT009,Ali Shah,Machine Learning,Anomaly Detection Study,Dashboard,2026-02-16,2026-02-18,2026-02-18,Completed,2,1.7,1,4.51,4.35,4.13,4.39,4.31,3.92,4.22,Solid work with opportunities to improve prioritization and final presentation quality.,Mentor – Machine Learning,2026-02
TSK0156,INT009,Ali Shah,Machine Learning,Prediction Benchmark,Presentation,2026-02-07,2026-02-09,2026-02-09,Completed,2,1.9,1,4.13,4.29,3.79,4.14,4.05,4.31,4.31,Meets expectations; focus on stronger documentation and more consistent timeliness.,Mentor – Machine Learning,2026-02
TSK0157,INT010,Neha Hussain,Web Development,Analytics Portal,Automation,2026-02-10,2026-02-14,2026-02-14,Completed,4,3.5,1,3.44,3.41,3.5,3.39,3.65,3.46,3.73,Needs closer deadline management and more frequent mentor check-ins.,Mentor – Web Development,2026-02
TSK0158,INT010,Neha Hussain,Web Development,Form Validation App,Cleaning,2026-02-17,2026-02-19,2026-02-19,Completed,2,1.7,1,3.45,3.31,3.77,3.33,3.5,3.39,3.62,"Focus on task planning, validation steps, and clearer progress updates.",Mentor – Web Development,2026-02
TSK0159,INT010,Neha Hussain,Web Development,Dashboard Frontend,Validation,2026-02-08,2026-02-14,2026-02-16,Overdue,6,7.4,0,3.14,3.41,3.38,3.07,3.74,3.25,3.1,Quality is improving; additional review before submission is recommended.,Mentor – Web Development,2026-02
TSK0160,INT010,Neha Hussain,Web Development,Responsive Portfolio,Analysis,2026-02-15,2026-02-22,2026-02-22,Completed,7,6.2,1,3.25,3.47,3.71,3.64,3.42,3.58,3.6,Needs closer deadline management and more frequent mentor check-ins.,Mentor – Web Development,2026-02
TSK0161,INT011,Sara Malik,Business Analysis,Requirements Matrix,Research,2026-02-12,2026-02-19,2026-02-21,Overdue,7,8.2,0,3.89,3.71,4.01,3.57,3.61,3.51,3.12,Needs closer deadline management and more frequent mentor check-ins.,Mentor – Business Analysis,2026-02
TSK0162,INT011,Sara Malik,Business Analysis,Stakeholder Analysis,Documentation,2026-02-03,2026-02-08,2026-02-10,Overdue,5,6.8,0,3.59,3.77,3.86,3.9,3.61,3.92,3.54,Good progress; improve estimation and communicate blockers earlier.,Mentor – Business Analysis,2026-02
TSK0163,INT011,Sara Malik,Business Analysis,Business Case Study,Dashboard,2026-02-10,2026-02-14,2026-02-14,Completed,4,3.7,1,4.0,3.91,4.04,3.65,4.23,3.51,3.89,Meets expectations; focus on stronger documentation and more consistent timeliness.,Mentor – Business Analysis,2026-02
TSK0164,INT011,Sara Malik,Business Analysis,Process Gap Review,Presentation,2026-02-17,2026-02-23,2026-02-24,Overdue,6,7.0,0,3.64,3.74,3.97,4.22,3.92,3.9,3.39,Good progress; improve estimation and communicate blockers earlier.,Mentor – Business Analysis,2026-02
TSK0165,INT012,Usman Ali,IT Support,Asset Audit,Automation,2026-02-06,2026-02-10,2026-02-10,Completed,4,4.0,1,4.27,3.91,4.74,4.37,4.14,4.39,4.31,Good progress; improve estimation and communicate blockers earlier.,Mentor – IT Support,2026-02
TSK0166,INT012,Usman Ali,IT Support,System Health Review,Cleaning,2026-02-13,2026-02-19,2026-02-17,Completed,6,3.9,1,3.83,4.23,3.75,4.12,4.23,4.17,4.2,Good progress; improve estimation and communicate blockers earlier.,Mentor – IT Support,2026-02
TSK0167,INT012,Usman Ali,IT Support,Knowledge Base Project,Validation,2026-02-04,2026-02-06,2026-02-06,Completed,2,1.8,1,4.17,4.09,4.01,4.28,4.19,4.19,4.42,Solid work with opportunities to improve prioritization and final presentation quality.,Mentor – IT Support,2026-02
TSK0168,INT012,Usman Ali,IT Support,Support Ticket Analysis,Analysis,2026-02-11,2026-02-15,,Overdue,4,,,,,,,,,,Task remains open and should be reviewed in the next mentor checkpoint.,Mentor – IT Support,2026-02
TSK0169,INT013,Fatima Noor,Data Analytics,Internship Funnel Analysis,Research,2026-02-12,2026-02-14,2026-02-14,Completed,2,1.8,1,3.32,3.82,3.49,3.57,3.68,3.45,3.74,Needs closer deadline management and more frequent mentor check-ins.,Mentor – Data Analytics,2026-02
TSK0170,INT013,Fatima Noor,Data Analytics,Data Quality Review,Documentation,2026-02-03,2026-02-06,2026-02-07,Overdue,3,3.7,0,3.1,3.35,3.5,3.49,3.31,3.49,2.84,"Focus on task planning, validation steps, and clearer progress updates.",Mentor – Data Analytics,2026-02
TSK0171,INT013,Fatima Noor,Data Analytics,Executive Analytics Report,Dashboard,2026-02-10,2026-02-12,2026-02-12,Completed,2,1.6,1,3.29,3.48,3.49,3.24,4.04,3.81,3.69,"Focus on task planning, validation steps, and clearer progress updates.",Mentor – Data Analytics,2026-02
TSK0172,INT013,Fatima Noor,Data Analytics,Sales Performance Analysis,Presentation,2026-02-17,2026-02-24,2026-02-25,Overdue,7,7.3,0,2.73,3.59,3.5,3.31,3.25,3.51,2.97,Quality is improving; additional review before submission is recommended.,Mentor – Data Analytics,2026-02
TSK0173,INT014,Bilal Shaikh,Power BI & BI,Recruitment BI Report,Automation,2026-02-12,2026-02-17,2026-02-18,Overdue,5,5.9,0,3.38,3.65,3.67,3.98,4.11,3.74,3.35,Meets expectations; focus on stronger documentation and more consistent timeliness.,Mentor – Business Intelligence,2026-02
TSK0174,INT014,Bilal Shaikh,Power BI & BI,Operations Scorecard,Cleaning,2026-02-03,2026-02-08,,Overdue,5,,,,,,,,,,Task remains open and should be reviewed in the next mentor checkpoint.,Mentor – Business Intelligence,2026-02
TSK0175,INT014,Bilal Shaikh,Power BI & BI,Power BI Storytelling,Validation,2026-02-10,2026-02-17,2026-02-16,Completed,7,5.9,1,4.16,3.78,3.99,3.76,3.76,3.93,4.1,Solid work with opportunities to improve prioritization and final presentation quality.,Mentor – Business Intelligence,2026-02
TSK0176,INT014,Bilal Shaikh,Power BI & BI,Executive KPI Dashboard,Analysis,2026-02-17,2026-02-24,,Overdue,7,,,,,,,,,,Task remains open and should be reviewed in the next mentor checkpoint.,Mentor – Business Intelligence,2026-02
TSK0177,INT015,Iqra Khan,Machine Learning,Feature Engineering Lab,Research,2026-02-05,2026-02-11,2026-02-11,Completed,6,5.7,1,3.9,4.33,4.11,4.46,4.15,4.52,4.62,Solid work with opportunities to improve prioritization and final presentation quality.,Mentor – Machine Learning,2026-02
TSK0178,INT015,Iqra Khan,Machine Learning,Model Evaluation,Documentation,2026-02-12,2026-02-14,,Overdue,2,,,,,,,,,,Task remains open and should be reviewed in the next mentor checkpoint.,Mentor – Machine Learning,2026-02
TSK0179,INT015,Iqra Khan,Machine Learning,Anomaly Detection Study,Dashboard,2026-02-03,2026-02-08,,Overdue,5,,,,,,,,,,Task remains open and should be reviewed in the next mentor checkpoint.,Mentor – Machine Learning,2026-02
TSK0180,INT015,Iqra Khan,Machine Learning,Prediction Benchmark,Presentation,2026-02-10,2026-02-16,2026-02-14,Completed,6,3.7,1,4.24,4.17,4.15,4.26,4.37,4.06,4.39,Meets expectations; focus on stronger documentation and more consistent timeliness.,Mentor – Machine Learning,2026-02
TSK0181,INT016,Danish Raza,Web Development,Analytics Portal,Automation,2026-02-14,2026-02-17,2026-02-18,Overdue,3,3.6,0,3.22,3.41,3.45,3.52,3.92,3.25,3.33,"Focus on task planning, validation steps, and clearer progress updates.",Mentor – Web Development,2026-02
TSK0182,INT016,Danish Raza,Web Development,Form Validation App,Cleaning,2026-02-05,2026-02-10,2026-02-10,Completed,5,4.1,1,3.28,3.57,3.6,3.66,3.41,3.72,3.71,Needs closer deadline management and more frequent mentor check-ins.,Mentor – Web Development,2026-02
TSK0183,INT016,Danish Raza,Web Development,Dashboard Frontend,Validation,2026-02-12,2026-02-19,2026-02-19,Completed,7,6.6,1,3.47,3.63,3.66,2.91,3.33,3.53,3.69,Quality is improving; additional review before submission is recommended.,Mentor – Web Development,2026-02
TSK0184,INT016,Danish Raza,Web Development,Responsive Portfolio,Analysis,2026-02-03,2026-02-08,2026-02-07,Completed,5,4.0,1,3.32,3.45,3.68,3.61,3.36,3.54,3.7,Quality is improving; additional review before submission is recommended.,Mentor – Web Development,2026-02
TSK0185,INT017,Zoya Malik,Business Analysis,Requirements Matrix,Research,2026-02-18,2026-02-23,2026-02-22,Completed,5,4.0,1,3.64,3.97,3.7,3.43,3.89,4.03,3.74,Meets expectations; focus on stronger documentation and more consistent timeliness.,Mentor – Business Analysis,2026-02
TSK0186,INT017,Zoya Malik,Business Analysis,Stakeholder Analysis,Documentation,2026-02-09,2026-02-16,,Overdue,7,,,,,,,,,,Task remains open and should be reviewed in the next mentor checkpoint.,Mentor – Business Analysis,2026-02
TSK0187,INT017,Zoya Malik,Business Analysis,Business Case Study,Dashboard,2026-02-16,2026-02-18,2026-02-18,Completed,2,1.7,1,3.53,3.52,4.2,4.01,4.01,4.06,4.12,Meets expectations; focus on stronger documentation and more consistent timeliness.,Mentor – Business Analysis,2026-02
TSK0188,INT017,Zoya Malik,Business Analysis,Process Gap Review,Presentation,2026-02-07,2026-02-10,2026-02-10,Completed,3,2.2,1,3.95,3.85,3.75,3.65,3.77,3.82,4.39,Good progress; improve estimation and communicate blockers earlier.,Mentor – Business Analysis,2026-02
TSK0189,INT018,Fahad Ali,IT Support,Asset Audit,Automation,2026-02-13,2026-02-18,2026-02-17,Completed,5,4.0,1,4.23,4.09,4.38,4.28,4.72,4.24,4.43,Good progress; improve estimation and communicate blockers earlier.,Mentor – IT Support,2026-02
TSK0190,INT018,Fahad Ali,IT Support,System Health Review,Cleaning,2026-02-04,2026-02-08,2026-02-09,Overdue,4,4.4,0,4.12,4.32,3.98,4.21,4.18,4.27,3.79,Meets expectations; focus on stronger documentation and more consistent timeliness.,Mentor – IT Support,2026-02
TSK0191,INT018,Fahad Ali,IT Support,Knowledge Base Project,Validation,2026-02-11,2026-02-17,2026-02-15,Completed,6,4.0,1,3.93,3.87,4.54,3.97,4.2,4.43,4.35,Solid work with opportunities to improve prioritization and final presentation quality.,Mentor – IT Support,2026-02
TSK0192,INT018,Fahad Ali,IT Support,Support Ticket Analysis,Analysis,2026-02-18,2026-02-20,2026-02-20,Completed,2,1.5,1,4.4,3.8,3.99,3.81,3.92,4.33,4.51,Good progress; improve estimation and communicate blockers earlier.,Mentor – IT Support,2026-02
TSK0193,INT019,Sana Noor,Data Analytics,Internship Funnel Analysis,Research,2026-02-10,2026-02-16,2026-02-15,Completed,6,4.9,1,3.6,3.34,3.39,3.24,3.39,3.3,3.94,Quality is improving; additional review before submission is recommended.,Mentor – Data Analytics,2026-02
TSK0194,INT019,Sana Noor,Data Analytics,Data Quality Review,Documentation,2026-02-17,2026-02-24,2026-02-27,Overdue,7,9.2,0,3.36,3.73,3.3,3.62,3.76,3.27,2.85,"Focus on task planning, validation steps, and clearer progress updates.",Mentor – Data Analytics,2026-02
TSK0195,INT019,Sana Noor,Data Analytics,Executive Analytics Report,Dashboard,2026-02-08,2026-02-14,2026-02-13,Completed,6,4.7,1,3.59,3.42,3.49,3.72,3.36,3.59,3.57,Quality is improving; additional review before submission is recommended.,Mentor – Data Analytics,2026-02
TSK0196,INT019,Sana Noor,Data Analytics,Sales Performance Analysis,Presentation,2026-02-15,2026-02-17,2026-02-18,Overdue,2,2.4,0,3.67,3.24,3.58,3.8,3.63,3.65,3.18,Needs closer deadline management and more frequent mentor check-ins.,Mentor – Data Analytics,2026-02
TSK0197,INT020,Adeel Ahmed,Power BI & BI,Recruitment BI Report,Automation,2026-02-15,2026-02-19,2026-02-18,Completed,4,3.0,1,3.98,3.86,4.15,4.07,4.26,3.98,4.14,Solid work with opportunities to improve prioritization and final presentation quality.,Mentor – Business Intelligence,2026-02
TSK0198,INT020,Adeel Ahmed,Power BI & BI,Operations Scorecard,Cleaning,2026-02-06,2026-02-09,2026-02-09,Completed,3,2.7,1,4.21,3.81,4.05,3.48,3.96,3.81,4.04,Meets expectations; focus on stronger documentation and more consistent timeliness.,Mentor – Business Intelligence,2026-02
TSK0199,INT020,Adeel Ahmed,Power BI & BI,Power BI Storytelling,Validation,2026-02-13,2026-02-16,2026-02-16,Completed,3,3.0,1,3.96,4.09,4.4,4.2,4.04,4.11,4.02,Solid work with opportunities to improve prioritization and final presentation quality.,Mentor – Business Intelligence,2026-02
TSK0200,INT020,Adeel Ahmed,Power BI & BI,Executive KPI Dashboard,Analysis,2026-02-04,2026-02-11,2026-02-10,Completed,7,5.4,1,3.83,3.88,3.94,3.73,3.36,3.86,4.09,Good progress; improve estimation and communicate blockers earlier.,Mentor – Business Intelligence,2026-02
TSK0201,INT021,Mahnoor Baloch,Machine Learning,Feature Engineering Lab,Research,2026-02-14,2026-02-20,2026-02-21,Overdue,6,6.4,0,3.98,4.35,4.27,4.47,4.28,4.47,3.83,Solid work with opportunities to improve prioritization and final presentation quality.,Mentor – Machine Learning,2026-02
TSK0202,INT021,Mahnoor Baloch,Machine Learning,Model Evaluation,Documentation,2026-02-05,2026-02-08,2026-02-08,Completed,3,2.5,1,3.84,4.57,4.22,3.98,4.33,4.66,4.55,Meets expectations; focus on stronger documentation and more consistent timeliness.,Mentor – Machine Learning,2026-02
TSK0203,INT021,Mahnoor Baloch,Machine Learning,Anomaly Detection Study,Dashboard,2026-02-12,2026-02-14,2026-02-14,Completed,2,1.5,1,4.26,4.17,4.07,3.75,4.01,4.24,4.39,Meets expectations; focus on stronger documentation and more consistent timeliness.,Mentor – Machine Learning,2026-02
TSK0204,INT021,Mahnoor Baloch,Machine Learning,Prediction Benchmark,Presentation,2026-02-03,2026-02-08,2026-02-07,Completed,5,3.7,1,4.19,4.07,4.25,4.01,4.32,4.12,4.47,Meets expectations; focus on stronger documentation and more consistent timeliness.,Mentor – Machine Learning,2026-02
TSK0205,INT022,Saad Shah,Web Development,Analytics Portal,Automation,2026-02-07,2026-02-12,2026-02-13,Overdue,5,5.4,0,3.4,3.9,3.4,3.74,3.61,3.52,2.91,"Focus on task planning, validation steps, and clearer progress updates.",Mentor – Web Development,2026-02
TSK0206,INT022,Saad Shah,Web Development,Form Validation App,Cleaning,2026-02-14,2026-02-16,2026-02-17,Overdue,2,2.5,0,3.39,3.25,3.36,3.63,3.58,3.41,3.07,Quality is improving; additional review before submission is recommended.,Mentor – Web Development,2026-02
TSK0207,INT022,Saad Shah,Web Development,Dashboard Frontend,Validation,2026-02-05,2026-02-12,2026-02-12,Completed,7,6.5,1,3.71,3.2,3.57,3.76,3.66,3.45,3.82,Needs closer deadline management and more frequent mentor check-ins.,Mentor – Web Development,2026-02
TSK0208,INT022,Saad Shah,Web Development,Responsive Portfolio,Analysis,2026-02-12,2026-02-19,,Overdue,7,,,,,,,,,,Task remains open and should be reviewed in the next mentor checkpoint.,Mentor – Web Development,2026-02
TSK0209,INT023,Rida Memon,Business Analysis,Requirements Matrix,Research,2026-02-15,2026-02-18,2026-02-18,Completed,3,2.2,1,3.59,3.85,4.0,3.99,4.09,4.18,4.0,Solid work with opportunities to improve prioritization and final presentation quality.,Mentor – Business Analysis,2026-02
TSK0210,INT023,Rida Memon,Business Analysis,Stakeholder Analysis,Documentation,2026-02-06,2026-02-08,2026-02-08,Completed,2,1.6,1,3.49,3.65,3.68,4.17,3.67,4.18,4.11,Good progress; improve estimation and communicate blockers earlier.,Mentor – Business Analysis,2026-02
TSK0211,INT023,Rida Memon,Business Analysis,Business Case Study,Dashboard,2026-02-13,2026-02-15,2026-02-16,Overdue,2,2.2,0,3.78,3.6,4.23,3.8,3.92,4.18,3.52,Good progress; improve estimation and communicate blockers earlier.,Mentor – Business Analysis,2026-02
TSK0212,INT023,Rida Memon,Business Analysis,Process Gap Review,Presentation,2026-02-04,2026-02-06,2026-02-06,Completed,2,1.6,1,4.06,3.55,4.09,3.52,3.86,4.05,4.31,Solid work with opportunities to improve prioritization and final presentation quality.,Mentor – Business Analysis,2026-02
TSK0213,INT024,Hassan Shaikh,IT Support,Asset Audit,Automation,2026-02-13,2026-02-20,2026-02-18,Completed,7,4.6,1,3.98,4.28,4.35,3.92,4.17,4.47,4.67,Meets expectations; focus on stronger documentation and more consistent timeliness.,Mentor – IT Support,2026-02
TSK0214,INT024,Hassan Shaikh,IT Support,System Health Review,Cleaning,2026-02-04,2026-02-09,2026-02-08,Completed,5,3.9,1,4.5,4.27,4.11,4.65,4.27,4.41,4.46,Solid work with opportunities to improve prioritization and final presentation quality.,Mentor – IT Support,2026-02
TSK0215,INT024,Hassan Shaikh,IT Support,Knowledge Base Project,Validation,2026-02-11,2026-02-18,,Overdue,7,,,,,,,,,,Task remains open and should be reviewed in the next mentor checkpoint.,Mentor – IT Support,2026-02
TSK0216,INT024,Hassan Shaikh,IT Support,Support Ticket Analysis,Analysis,2026-02-18,2026-02-22,2026-02-22,Completed,4,3.1,1,4.25,4.15,4.17,4.12,4.68,4.11,4.52,Meets expectations; focus on stronger documentation and more consistent timeliness.,Mentor – IT Support,2026-02
TSK0217,INT025,Anum Hussain,Data Analytics,Internship Funnel Analysis,Research,2026-02-15,2026-02-19,2026-02-19,Completed,4,3.9,1,3.59,3.56,3.54,2.87,3.86,3.76,3.41,Quality is improving; additional review before submission is recommended.,Mentor – Data Analytics,2026-02
TSK0218,INT025,Anum Hussain,Data Analytics,Data Quality Review,Documentation,2026-02-06,2026-02-13,2026-02-13,Completed,7,6.2,1,3.54,3.73,3.35,3.34,3.25,3.74,3.7,"Focus on task planning, validation steps, and clearer progress updates.",Mentor – Data Analytics,2026-02
TSK0219,INT025,Anum Hussain,Data Analytics,Executive Analytics Report,Dashboard,2026-02-13,2026-02-17,2026-02-18,Overdue,4,4.9,0,3.51,3.13,3.45,3.53,3.42,3.83,3.15,Quality is improving; additional review before submission is recommended.,Mentor – Data Analytics,2026-02
TSK0220,INT025,Anum Hussain,Data Analytics,Sales Performance Analysis,Presentation,2026-02-04,2026-02-09,,Overdue,5,,,,,,,,,,Task remains open and should be reviewed in the next mentor checkpoint.,Mentor – Data Analytics,2026-02
TSK0221,INT026,Farhan Qureshi,Power BI & BI,Recruitment BI Report,Automation,2026-02-10,2026-02-14,2026-02-14,Completed,4,3.2,1,3.78,3.58,3.5,3.94,3.95,3.74,4.11,Good progress; improve estimation and communicate blockers earlier.,Mentor – Business Intelligence,2026-02
TSK0222,INT026,Farhan Qureshi,Power BI & BI,Operations Scorecard,Cleaning,2026-02-17,2026-02-23,2026-02-24,Overdue,6,6.9,0,3.62,3.72,3.9,3.77,4.02,3.48,3.37,Meets expectations; focus on stronger documentation and more consistent timeliness.,Mentor – Business Intelligence,2026-02
TSK0223,INT026,Farhan Qureshi,Power BI & BI,Power BI Storytelling,Validation,2026-02-08,2026-02-13,2026-02-13,Completed,5,4.7,1,3.71,3.7,3.94,3.85,3.77,3.69,4.14,Solid work with opportunities to improve prioritization and final presentation quality.,Mentor – Business Intelligence,2026-02
TSK0224,INT026,Farhan Qureshi,Power BI & BI,Executive KPI Dashboard,Analysis,2026-02-15,2026-02-18,2026-02-17,Completed,3,1.7,1,3.76,4.05,3.78,4.04,3.84,3.9,4.11,Good progress; improve estimation and communicate blockers earlier.,Mentor – Business Intelligence,2026-02
TSK0225,INT027,Mehak Khan,Machine Learning,Feature Engineering Lab,Research,2026-02-05,2026-02-11,2026-02-12,Overdue,6,6.7,0,3.95,3.91,4.51,4.19,4.39,4.09,3.97,Solid work with opportunities to improve prioritization and final presentation quality.,Mentor – Machine Learning,2026-02
TSK0226,INT027,Mehak Khan,Machine Learning,Model Evaluation,Documentation,2026-02-12,2026-02-18,2026-02-19,Overdue,6,6.9,0,4.29,4.21,4.23,4.58,4.4,4.25,3.85,Meets expectations; focus on stronger documentation and more consistent timeliness.,Mentor – Machine Learning,2026-02
TSK0227,INT027,Mehak Khan,Machine Learning,Anomaly Detection Study,Dashboard,2026-02-03,2026-02-08,2026-02-09,Overdue,5,5.1,0,4.55,4.0,4.18,4.08,4.66,4.17,4.0,Solid work with opportunities to improve prioritization and final presentation quality.,Mentor – Machine Learning,2026-02
TSK0228,INT027,Mehak Khan,Machine Learning,Prediction Benchmark,Presentation,2026-02-10,2026-02-13,2026-02-14,Overdue,3,3.4,0,3.96,4.29,4.2,4.08,4.07,4.47,3.96,Meets expectations; focus on stronger documentation and more consistent timeliness.,Mentor – Machine Learning,2026-02
TSK0229,INT028,Taha Raza,Web Development,Analytics Portal,Automation,2026-02-11,2026-02-15,,Overdue,4,,,,,,,,,,Task remains open and should be reviewed in the next mentor checkpoint.,Mentor – Web Development,2026-02
TSK0230,INT028,Taha Raza,Web Development,Form Validation App,Cleaning,2026-02-18,2026-02-20,2026-02-20,Completed,2,2.0,1,3.4,3.33,3.72,3.05,4.04,3.48,3.63,Quality is improving; additional review before submission is recommended.,Mentor – Web Development,2026-02
TSK0231,INT028,Taha Raza,Web Development,Dashboard Frontend,Validation,2026-02-09,2026-02-11,2026-02-11,Completed,2,1.1,1,3.45,3.2,3.6,3.37,3.56,3.77,3.64,"Focus on task planning, validation steps, and clearer progress updates.",Mentor – Web Development,2026-02
TSK0232,INT028,Taha Raza,Web Development,Responsive Portfolio,Analysis,2026-02-16,2026-02-18,2026-02-18,Completed,2,1.8,1,3.3,3.19,3.14,3.64,3.4,3.17,3.35,Quality is improving; additional review before submission is recommended.,Mentor – Web Development,2026-02
TSK0233,INT029,Nimra Malik,Business Analysis,Requirements Matrix,Research,2026-02-11,2026-02-17,2026-02-17,Completed,6,5.4,1,4.04,3.99,4.17,4.02,3.95,3.85,4.09,Good progress; improve estimation and communicate blockers earlier.,Mentor – Business Analysis,2026-02
TSK0234,INT029,Nimra Malik,Business Analysis,Stakeholder Analysis,Documentation,2026-02-18,2026-02-22,2026-02-22,Completed,4,3.4,1,3.65,3.8,3.98,3.44,4.03,3.53,4.02,Meets expectations; focus on stronger documentation and more consistent timeliness.,Mentor – Business Analysis,2026-02
TSK0235,INT029,Nimra Malik,Business Analysis,Business Case Study,Dashboard,2026-02-09,2026-02-15,2026-02-13,Completed,6,3.6,1,3.73,3.62,3.93,3.8,4.19,4.0,4.42,Good progress; improve estimation and communicate blockers earlier.,Mentor – Business Analysis,2026-02
TSK0236,INT029,Nimra Malik,Business Analysis,Process Gap Review,Presentation,2026-02-16,2026-02-21,2026-02-21,Completed,5,4.7,1,4.16,4.15,3.74,3.93,4.14,4.05,3.95,Good progress; improve estimation and communicate blockers earlier.,Mentor – Business Analysis,2026-02
TSK0237,INT030,Arham Ahmed,IT Support,Asset Audit,Automation,2026-02-04,2026-02-07,2026-02-07,Completed,3,2.6,1,4.18,4.32,4.33,4.43,4.4,4.59,4.52,Solid work with opportunities to improve prioritization and final presentation quality.,Mentor – IT Support,2026-02
TSK0238,INT030,Arham Ahmed,IT Support,System Health Review,Cleaning,2026-02-11,2026-02-14,2026-02-14,Completed,3,2.2,1,4.37,4.18,4.39,4.01,4.57,4.46,4.42,Good progress; improve estimation and communicate blockers earlier.,Mentor – IT Support,2026-02
TSK0239,INT030,Arham Ahmed,IT Support,Knowledge Base Project,Validation,2026-02-18,2026-02-23,2026-02-23,Completed,5,4.1,1,4.28,4.05,4.29,4.48,4.38,4.73,4.47,Solid work with opportunities to improve prioritization and final presentation quality.,Mentor – IT Support,2026-02
TSK0240,INT030,Arham Ahmed,IT Support,Support Ticket Analysis,Analysis,2026-02-09,2026-02-11,2026-02-11,Completed,2,1.6,1,4.12,4.03,4.07,4.11,4.64,3.98,4.42,Good progress; improve estimation and communicate blockers earlier.,Mentor – IT Support,2026-02
TSK0241,INT001,Sajid Ali,Data Analytics,Data Quality Review,Research,2026-03-13,2026-03-18,2026-03-18,Completed,5,4.3,1,4.84,4.9,5.0,5.0,4.79,4.71,5.0,Excellent analytical discipline and dependable delivery against milestones.,Internee.pk Mentor,2026-03
TSK0242,INT001,Sajid Ali,Data Analytics,Executive Analytics Report,Documentation,2026-03-20,2026-03-24,2026-03-24,Completed,4,3.4,1,4.76,4.78,4.79,4.66,5.0,5.0,5.0,Excellent analytical discipline and dependable delivery against milestones.,Internee.pk Mentor,2026-03
TSK0243,INT001,Sajid Ali,Data Analytics,Sales Performance Analysis,Dashboard,2026-03-08,2026-03-13,2026-03-13,Completed,5,4.3,1,4.94,4.82,4.75,4.66,4.91,4.85,4.92,Consistently delivers high-quality work with clear communication and strong ownership.,Internee.pk Mentor,2026-03
TSK0244,INT001,Sajid Ali,Data Analytics,Internship Funnel Analysis,Presentation,2026-03-15,2026-03-21,2026-03-20,Completed,6,4.4,1,4.93,4.78,4.75,5.0,4.72,4.7,5.0,Strong technical execution with thoughtful documentation and proactive mentor updates.,Internee.pk Mentor,2026-03
TSK0245,INT002,Ayesha Khan,Power BI & BI,Operations Scorecard,Automation,2026-03-08,2026-03-11,2026-03-12,Overdue,3,3.2,0,3.57,3.68,3.93,3.63,3.73,3.98,3.29,Meets expectations; focus on stronger documentation and more consistent timeliness.,Mentor – Business Intelligence,2026-03
TSK0246,INT002,Ayesha Khan,Power BI & BI,Power BI Storytelling,Cleaning,2026-03-15,2026-03-19,,Overdue,4,,,,,,,,,,Task remains open and should be reviewed in the next mentor checkpoint.,Mentor – Business Intelligence,2026-03
TSK0247,INT002,Ayesha Khan,Power BI & BI,Executive KPI Dashboard,Validation,2026-03-03,2026-03-05,2026-03-05,Completed,2,1.9,1,3.71,3.54,3.95,4.22,4.06,4.03,4.03,Good progress; improve estimation and communicate blockers earlier.,Mentor – Business Intelligence,2026-03
TSK0248,INT002,Ayesha Khan,Power BI & BI,Recruitment BI Report,Analysis,2026-03-10,2026-03-14,2026-03-15,Overdue,4,4.4,0,3.75,3.46,3.73,3.92,3.68,3.88,3.37,Solid work with opportunities to improve prioritization and final presentation quality.,Mentor – Business Intelligence,2026-03
TSK0249,INT003,Rehan Mehta,Machine Learning,Model Evaluation,Research,2026-03-05,2026-03-12,2026-03-14,Overdue,7,8.4,0,4.62,4.18,4.39,4.22,4.35,4.42,3.66,Good progress; improve estimation and communicate blockers earlier.,Mentor – Machine Learning,2026-03
TSK0250,INT003,Rehan Mehta,Machine Learning,Anomaly Detection Study,Documentation,2026-03-12,2026-03-14,2026-03-15,Overdue,2,2.3,0,3.92,3.74,4.14,3.68,3.96,3.98,3.92,Good progress; improve estimation and communicate blockers earlier.,Mentor – Machine Learning,2026-03
TSK0251,INT003,Rehan Mehta,Machine Learning,Prediction Benchmark,Dashboard,2026-03-19,2026-03-25,,Overdue,6,,,,,,,,,,Task remains open and should be reviewed in the next mentor checkpoint.,Mentor – Machine Learning,2026-03
TSK0252,INT003,Rehan Mehta,Machine Learning,Feature Engineering Lab,Presentation,2026-03-07,2026-03-10,2026-03-10,Completed,3,2.4,1,4.23,3.86,4.06,4.0,4.09,4.09,4.54,Meets expectations; focus on stronger documentation and more consistent timeliness.,Mentor – Machine Learning,2026-03
TSK0253,INT004,Zainab Fatima,Web Development,Form Validation App,Automation,2026-03-04,2026-03-08,2026-03-09,Overdue,4,4.4,0,3.46,3.38,3.65,3.49,3.99,3.39,3.0,"Focus on task planning, validation steps, and clearer progress updates.",Mentor – Web Development,2026-03
TSK0254,INT004,Zainab Fatima,Web Development,Dashboard Frontend,Cleaning,2026-03-11,2026-03-16,2026-03-16,Completed,5,4.3,1,3.58,3.44,3.05,3.79,3.44,3.74,4.04,Needs closer deadline management and more frequent mentor check-ins.,Mentor – Web Development,2026-03
TSK0255,INT004,Zainab Fatima,Web Development,Responsive Portfolio,Validation,2026-03-18,2026-03-24,,Overdue,6,,,,,,,,,,Task remains open and should be reviewed in the next mentor checkpoint.,Mentor – Web Development,2026-03
TSK0256,INT004,Zainab Fatima,Web Development,Analytics Portal,Analysis,2026-03-06,2026-03-13,2026-03-15,Overdue,7,8.3,0,3.34,3.13,3.45,3.18,3.69,3.38,3.16,"Focus on task planning, validation steps, and clearer progress updates.",Mentor – Web Development,2026-03
TSK0257,INT005,Arjun Singh,Business Analysis,Stakeholder Analysis,Research,2026-03-03,2026-03-05,2026-03-05,Completed,2,1.3,1,3.57,3.69,3.79,3.33,3.97,3.83,4.06,Solid work with opportunities to improve prioritization and final presentation quality.,Mentor – Business Analysis,2026-03
TSK0258,INT005,Arjun Singh,Business Analysis,Business Case Study,Documentation,2026-03-10,2026-03-16,,Overdue,6,,,,,,,,,,Task remains open and should be reviewed in the next mentor checkpoint.,Mentor – Business Analysis,2026-03
TSK0259,INT005,Arjun Singh,Business Analysis,Process Gap Review,Dashboard,2026-03-17,2026-03-22,2026-03-21,Completed,5,3.6,1,3.73,3.79,4.06,4.08,4.1,3.73,3.83,Good progress; improve estimation and communicate blockers earlier.,Mentor – Business Analysis,2026-03
TSK0260,INT005,Arjun Singh,Business Analysis,Requirements Matrix,Presentation,2026-03-05,2026-03-09,2026-03-10,Overdue,4,4.1,0,3.69,3.7,3.74,3.77,3.84,3.61,3.35,Solid work with opportunities to improve prioritization and final presentation quality.,Mentor – Business Analysis,2026-03
TSK0261,INT006,Hira Memon,IT Support,System Health Review,Automation,2026-03-07,2026-03-14,,Overdue,7,,,,,,,,,,Task remains open and should be reviewed in the next mentor checkpoint.,Mentor – IT Support,2026-03
TSK0262,INT006,Hira Memon,IT Support,Knowledge Base Project,Cleaning,2026-03-14,2026-03-16,2026-03-17,Overdue,2,2.2,0,4.14,3.79,4.17,4.49,3.83,4.4,3.8,Solid work with opportunities to improve prioritization and final presentation quality.,Mentor – IT Support,2026-03
TSK0263,INT006,Hira Memon,IT Support,Support Ticket Analysis,Validation,2026-03-21,2026-03-26,2026-03-25,Completed,5,3.5,1,3.8,3.93,3.92,4.26,4.16,4.13,4.59,Good progress; improve estimation and communicate blockers earlier.,Mentor – IT Support,2026-03
TSK0264,INT006,Hira Memon,IT Support,Asset Audit,Analysis,2026-03-09,2026-03-16,2026-03-18,Overdue,7,8.3,0,4.27,4.06,4.06,4.35,4.18,4.35,3.78,Solid work with opportunities to improve prioritization and final presentation quality.,Mentor – IT Support,2026-03
TSK0265,INT007,Hamza Ahmed,Data Analytics,Data Quality Review,Research,2026-03-12,2026-03-16,,Overdue,4,,,,,,,,,,Task remains open and should be reviewed in the next mentor checkpoint.,Mentor – Data Analytics,2026-03
TSK0266,INT007,Hamza Ahmed,Data Analytics,Executive Analytics Report,Documentation,2026-03-19,2026-03-26,2026-03-28,Overdue,7,8.3,0,3.26,3.41,3.51,2.89,3.53,3.26,2.98,"Focus on task planning, validation steps, and clearer progress updates.",Mentor – Data Analytics,2026-03
TSK0267,INT007,Hamza Ahmed,Data Analytics,Sales Performance Analysis,Dashboard,2026-03-07,2026-03-12,,Overdue,5,,,,,,,,,,Task remains open and should be reviewed in the next mentor checkpoint.,Mentor – Data Analytics,2026-03
TSK0268,INT007,Hamza Ahmed,Data Analytics,Internship Funnel Analysis,Presentation,2026-03-14,2026-03-16,2026-03-16,Completed,2,1.3,1,3.35,3.41,3.29,3.0,3.21,3.6,3.4,Quality is improving; additional review before submission is recommended.,Mentor – Data Analytics,2026-03
TSK0269,INT008,Mariam Baloch,Power BI & BI,Operations Scorecard,Automation,2026-03-03,2026-03-08,2026-03-09,Overdue,5,5.3,0,3.38,3.75,3.91,3.96,3.78,4.1,3.66,Meets expectations; focus on stronger documentation and more consistent timeliness.,Mentor – Business Intelligence,2026-03
TSK0270,INT008,Mariam Baloch,Power BI & BI,Power BI Storytelling,Cleaning,2026-03-10,2026-03-17,2026-03-17,Completed,7,6.2,1,3.62,3.62,4.08,4.15,4.14,3.86,4.14,Meets expectations; focus on stronger documentation and more consistent timeliness.,Mentor – Business Intelligence,2026-03
TSK0271,INT008,Mariam Baloch,Power BI & BI,Executive KPI Dashboard,Validation,2026-03-17,2026-03-21,2026-03-21,Completed,4,3.9,1,4.0,3.54,3.71,3.93,3.87,3.65,4.32,Good progress; improve estimation and communicate blockers earlier.,Mentor – Business Intelligence,2026-03
TSK0272,INT008,Mariam Baloch,Power BI & BI,Recruitment BI Report,Analysis,2026-03-05,2026-03-09,2026-03-09,Completed,4,3.5,1,3.72,3.63,4.06,4.05,3.79,3.72,4.12,Meets expectations; focus on stronger documentation and more consistent timeliness.,Mentor – Business Intelligence,2026-03
TSK0273,INT009,Ali Shah,Machine Learning,Model Evaluation,Research,2026-03-07,2026-03-10,2026-03-10,Completed,3,2.8,1,4.37,4.11,4.13,3.97,4.07,3.95,4.28,Good progress; improve estimation and communicate blockers earlier.,Mentor – Machine Learning,2026-03
TSK0274,INT009,Ali Shah,Machine Learning,Anomaly Detection Study,Documentation,2026-03-14,2026-03-21,,Overdue,7,,,,,,,,,,Task remains open and should be reviewed in the next mentor checkpoint.,Mentor – Machine Learning,2026-03
TSK0275,INT009,Ali Shah,Machine Learning,Prediction Benchmark,Dashboard,2026-03-21,2026-03-27,2026-03-27,Completed,6,5.8,1,4.59,3.91,4.46,4.09,4.33,4.01,4.41,Good progress; improve estimation and communicate blockers earlier.,Mentor – Machine Learning,2026-03
TSK0276,INT009,Ali Shah,Machine Learning,Feature Engineering Lab,Presentation,2026-03-09,2026-03-11,2026-03-12,Overdue,2,2.3,0,4.04,4.2,4.22,4.39,4.27,4.13,3.98,Good progress; improve estimation and communicate blockers earlier.,Mentor – Machine Learning,2026-03
TSK0277,INT010,Neha Hussain,Web Development,Form Validation App,Automation,2026-03-17,2026-03-20,2026-03-21,Overdue,3,3.2,0,3.38,3.25,3.59,3.15,3.54,3.78,2.82,"Focus on task planning, validation steps, and clearer progress updates.",Mentor – Web Development,2026-03
TSK0278,INT010,Neha Hussain,Web Development,Dashboard Frontend,Cleaning,2026-03-05,2026-03-09,2026-03-09,Completed,4,3.4,1,3.16,3.44,3.53,3.7,3.84,3.54,3.74,Quality is improving; additional review before submission is recommended.,Mentor – Web Development,2026-03
TSK0279,INT010,Neha Hussain,Web Development,Responsive Portfolio,Validation,2026-03-12,2026-03-17,2026-03-18,Overdue,5,5.8,0,3.42,3.53,3.74,3.37,3.06,3.79,2.87,"Focus on task planning, validation steps, and clearer progress updates.",Mentor – Web Development,2026-03
TSK0280,INT010,Neha Hussain,Web Development,Analytics Portal,Analysis,2026-03-19,2026-03-22,2026-03-22,Completed,3,3.0,1,3.54,3.81,3.35,3.3,3.22,3.41,3.58,Quality is improving; additional review before submission is recommended.,Mentor – Web Development,2026-03
TSK0281,INT011,Sara Malik,Business Analysis,Stakeholder Analysis,Research,2026-03-17,2026-03-19,,Overdue,2,,,,,,,,,,Task remains open and should be reviewed in the next mentor checkpoint.,Mentor – Business Analysis,2026-03
TSK0282,INT011,Sara Malik,Business Analysis,Business Case Study,Documentation,2026-03-05,2026-03-11,2026-03-11,Completed,6,5.7,1,3.5,3.99,3.98,3.75,3.95,3.96,4.14,Good progress; improve estimation and communicate blockers earlier.,Mentor – Business Analysis,2026-03
TSK0283,INT011,Sara Malik,Business Analysis,Process Gap Review,Dashboard,2026-03-12,2026-03-15,2026-03-16,Overdue,3,3.4,0,3.66,3.72,3.75,3.76,3.59,4.51,3.4,Good progress; improve estimation and communicate blockers earlier.,Mentor – Business Analysis,2026-03
TSK0284,INT011,Sara Malik,Business Analysis,Requirements Matrix,Presentation,2026-03-19,2026-03-24,,Overdue,5,,,,,,,,,,Task remains open and should be reviewed in the next mentor checkpoint.,Mentor – Business Analysis,2026-03
TSK0285,INT012,Usman Ali,IT Support,System Health Review,Automation,2026-03-16,2026-03-19,2026-03-19,Completed,3,2.8,1,4.0,4.09,4.57,4.4,4.48,4.13,4.29,Solid work with opportunities to improve prioritization and final presentation quality.,Mentor – IT Support,2026-03
TSK0286,INT012,Usman Ali,IT Support,Knowledge Base Project,Cleaning,2026-03-04,2026-03-10,,Overdue,6,,,,,,,,,,Task remains open and should be reviewed in the next mentor checkpoint.,Mentor – IT Support,2026-03
TSK0287,INT012,Usman Ali,IT Support,Support Ticket Analysis,Validation,2026-03-11,2026-03-17,2026-03-16,Completed,6,4.3,1,4.11,3.84,4.04,4.07,4.5,4.12,4.01,Meets expectations; focus on stronger documentation and more consistent timeliness.,Mentor – IT Support,2026-03
TSK0288,INT012,Usman Ali,IT Support,Asset Audit,Analysis,2026-03-18,2026-03-20,2026-03-20,Completed,2,1.3,1,3.93,3.94,4.15,3.87,4.51,4.71,4.34,Good progress; improve estimation and communicate blockers earlier.,Mentor – IT Support,2026-03
TSK0289,INT013,Fatima Noor,Data Analytics,Data Quality Review,Research,2026-03-03,2026-03-06,2026-03-07,Overdue,3,3.3,0,3.27,3.09,3.39,3.36,3.49,3.57,2.94,Needs closer deadline management and more frequent mentor check-ins.,Mentor – Data Analytics,2026-03
TSK0290,INT013,Fatima Noor,Data Analytics,Executive Analytics Report,Documentation,2026-03-10,2026-03-17,2026-03-17,Completed,7,6.5,1,3.59,3.61,3.7,3.73,3.45,3.63,3.65,Quality is improving; additional review before submission is recommended.,Mentor – Data Analytics,2026-03
TSK0291,INT013,Fatima Noor,Data Analytics,Sales Performance Analysis,Dashboard,2026-03-17,2026-03-23,2026-03-24,Overdue,6,6.9,0,3.08,3.6,3.57,3.65,3.79,3.3,2.98,Needs closer deadline management and more frequent mentor check-ins.,Mentor – Data Analytics,2026-03
TSK0292,INT013,Fatima Noor,Data Analytics,Internship Funnel Analysis,Presentation,2026-03-05,2026-03-10,2026-03-12,Overdue,5,6.5,0,3.17,3.47,3.47,3.7,3.18,3.5,3.3,Needs closer deadline management and more frequent mentor check-ins.,Mentor – Data Analytics,2026-03
TSK0293,INT014,Bilal Shaikh,Power BI & BI,Operations Scorecard,Automation,2026-03-06,2026-03-11,2026-03-12,Overdue,5,5.2,0,4.03,3.53,3.74,4.11,3.8,3.93,3.38,Meets expectations; focus on stronger documentation and more consistent timeliness.,Mentor – Business Intelligence,2026-03
TSK0294,INT014,Bilal Shaikh,Power BI & BI,Power BI Storytelling,Cleaning,2026-03-13,2026-03-19,2026-03-20,Overdue,6,6.3,0,3.7,3.8,3.7,3.65,3.66,4.04,3.39,Solid work with opportunities to improve prioritization and final presentation quality.,Mentor – Business Intelligence,2026-03
TSK0295,INT014,Bilal Shaikh,Power BI & BI,Executive KPI Dashboard,Validation,2026-03-20,2026-03-24,2026-03-25,Overdue,4,4.8,0,3.64,3.64,4.18,4.03,3.81,3.81,3.45,Meets expectations; focus on stronger documentation and more consistent timeliness.,Mentor – Business Intelligence,2026-03
TSK0296,INT014,Bilal Shaikh,Power BI & BI,Recruitment BI Report,Analysis,2026-03-08,2026-03-10,2026-03-11,Overdue,2,2.2,0,3.75,3.5,3.82,3.83,3.56,3.79,3.16,Needs closer deadline management and more frequent mentor check-ins.,Mentor – Business Intelligence,2026-03
TSK0297,INT015,Iqra Khan,Machine Learning,Model Evaluation,Research,2026-03-04,2026-03-10,2026-03-10,Completed,6,5.7,1,4.31,4.19,4.3,4.05,4.31,4.13,4.15,Meets expectations; focus on stronger documentation and more consistent timeliness.,Mentor – Machine Learning,2026-03
TSK0298,INT015,Iqra Khan,Machine Learning,Anomaly Detection Study,Documentation,2026-03-11,2026-03-17,2026-03-18,Overdue,6,6.3,0,4.3,3.99,4.3,4.03,4.19,4.16,3.67,Good progress; improve estimation and communicate blockers earlier.,Mentor – Machine Learning,2026-03
TSK0299,INT015,Iqra Khan,Machine Learning,Prediction Benchmark,Dashboard,2026-03-18,2026-03-20,2026-03-21,Overdue,2,2.1,0,3.82,4.22,3.91,3.7,3.99,4.1,3.73,Solid work with opportunities to improve prioritization and final presentation quality.,Mentor – Machine Learning,2026-03
TSK0300,INT015,Iqra Khan,Machine Learning,Feature Engineering Lab,Presentation,2026-03-06,2026-03-12,2026-03-14,Overdue,6,7.3,0,4.14,4.13,4.27,4.2,4.29,4.15,3.8,Meets expectations; focus on stronger documentation and more consistent timeliness.,Mentor – Machine Learning,2026-03
TSK0301,INT016,Danish Raza,Web Development,Form Validation App,Automation,2026-03-13,2026-03-17,2026-03-17,Completed,4,3.1,1,3.16,3.53,3.22,3.56,3.36,3.23,3.37,Quality is improving; additional review before submission is recommended.,Mentor – Web Development,2026-03
TSK0302,INT016,Danish Raza,Web Development,Dashboard Frontend,Cleaning,2026-03-20,2026-03-22,,Overdue,2,,,,,,,,,,Task remains open and should be reviewed in the next mentor checkpoint.,Mentor – Web Development,2026-03
TSK0303,INT016,Danish Raza,Web Development,Responsive Portfolio,Validation,2026-03-08,2026-03-15,,Overdue,7,,,,,,,,,,Task remains open and should be reviewed in the next mentor checkpoint.,Mentor – Web Development,2026-03
TSK0304,INT016,Danish Raza,Web Development,Analytics Portal,Analysis,2026-03-15,2026-03-18,2026-03-18,Completed,3,3.0,1,3.09,3.39,3.44,3.64,3.7,3.28,3.7,Needs closer deadline management and more frequent mentor check-ins.,Mentor – Web Development,2026-03
TSK0305,INT017,Zoya Malik,Business Analysis,Stakeholder Analysis,Research,2026-03-08,2026-03-10,2026-03-10,Completed,2,1.8,1,3.84,3.95,3.99,3.48,3.92,3.83,4.07,Meets expectations; focus on stronger documentation and more consistent timeliness.,Mentor – Business Analysis,2026-03
TSK0306,INT017,Zoya Malik,Business Analysis,Business Case Study,Documentation,2026-03-15,2026-03-22,2026-03-22,Completed,7,6.3,1,4.19,3.89,4.06,3.85,3.88,4.02,4.0,Good progress; improve estimation and communicate blockers earlier.,Mentor – Business Analysis,2026-03
TSK0307,INT017,Zoya Malik,Business Analysis,Process Gap Review,Dashboard,2026-03-03,2026-03-10,2026-03-10,Completed,7,6.6,1,4.02,3.68,3.59,4.01,3.85,3.68,4.17,Solid work with opportunities to improve prioritization and final presentation quality.,Mentor – Business Analysis,2026-03
TSK0308,INT017,Zoya Malik,Business Analysis,Requirements Matrix,Presentation,2026-03-10,2026-03-17,2026-03-19,Overdue,7,8.3,0,4.09,3.77,3.98,4.17,3.72,4.04,3.28,Solid work with opportunities to improve prioritization and final presentation quality.,Mentor – Business Analysis,2026-03
TSK0309,INT018,Fahad Ali,IT Support,System Health Review,Automation,2026-03-04,2026-03-08,2026-03-09,Overdue,4,4.1,0,3.81,4.16,4.51,4.17,4.52,4.35,3.89,Solid work with opportunities to improve prioritization and final presentation quality.,Mentor – IT Support,2026-03
TSK0310,INT018,Fahad Ali,IT Support,Knowledge Base Project,Cleaning,2026-03-11,2026-03-15,2026-03-15,Completed,4,3.5,1,4.6,4.01,4.33,4.49,4.28,4.68,4.48,Solid work with opportunities to improve prioritization and final presentation quality.,Mentor – IT Support,2026-03
TSK0311,INT018,Fahad Ali,IT Support,Support Ticket Analysis,Validation,2026-03-18,2026-03-21,,Overdue,3,,,,,,,,,,Task remains open and should be reviewed in the next mentor checkpoint.,Mentor – IT Support,2026-03
TSK0312,INT018,Fahad Ali,IT Support,Asset Audit,Analysis,2026-03-06,2026-03-10,2026-03-10,Completed,4,4.0,1,4.3,4.16,4.26,4.36,4.24,4.08,4.62,Good progress; improve estimation and communicate blockers earlier.,Mentor – IT Support,2026-03
TSK0313,INT019,Sana Noor,Data Analytics,Data Quality Review,Research,2026-03-18,2026-03-23,2026-03-23,Completed,5,5.0,1,3.54,3.48,3.32,3.54,3.6,3.69,3.96,Needs closer deadline management and more frequent mentor check-ins.,Mentor – Data Analytics,2026-03
TSK0314,INT019,Sana Noor,Data Analytics,Executive Analytics Report,Documentation,2026-03-06,2026-03-10,2026-03-11,Overdue,4,4.2,0,3.15,3.33,3.22,3.47,3.94,3.12,3.14,Needs closer deadline management and more frequent mentor check-ins.,Mentor – Data Analytics,2026-03
TSK0315,INT019,Sana Noor,Data Analytics,Sales Performance Analysis,Dashboard,2026-03-13,2026-03-18,2026-03-17,Completed,5,3.8,1,3.69,3.33,3.59,3.49,3.61,3.79,3.63,"Focus on task planning, validation steps, and clearer progress updates.",Mentor – Data Analytics,2026-03
TSK0316,INT019,Sana Noor,Data Analytics,Internship Funnel Analysis,Presentation,2026-03-20,2026-03-22,2026-03-23,Overdue,2,2.1,0,3.28,3.45,3.26,3.26,3.15,3.35,3.04,Quality is improving; additional review before submission is recommended.,Mentor – Data Analytics,2026-03
TSK0317,INT020,Adeel Ahmed,Power BI & BI,Operations Scorecard,Automation,2026-03-08,2026-03-13,2026-03-12,Completed,5,4.0,1,4.1,3.87,3.81,3.85,3.99,3.66,3.87,Meets expectations; focus on stronger documentation and more consistent timeliness.,Mentor – Business Intelligence,2026-03
TSK0318,INT020,Adeel Ahmed,Power BI & BI,Power BI Storytelling,Cleaning,2026-03-15,2026-03-19,2026-03-20,Overdue,4,4.9,0,3.89,3.61,3.54,3.45,3.69,3.89,3.34,"Focus on task planning, validation steps, and clearer progress updates.",Mentor – Business Intelligence,2026-03
TSK0319,INT020,Adeel Ahmed,Power BI & BI,Executive KPI Dashboard,Validation,2026-03-03,2026-03-06,2026-03-06,Completed,3,2.5,1,3.93,3.67,3.95,4.07,3.9,4.01,4.1,Solid work with opportunities to improve prioritization and final presentation quality.,Mentor – Business Intelligence,2026-03
TSK0320,INT020,Adeel Ahmed,Power BI & BI,Recruitment BI Report,Analysis,2026-03-10,2026-03-17,2026-03-17,Completed,7,6.7,1,4.09,3.47,3.68,3.76,3.89,3.93,4.06,Good progress; improve estimation and communicate blockers earlier.,Mentor – Business Intelligence,2026-03
TSK0321,INT021,Mahnoor Baloch,Machine Learning,Model Evaluation,Research,2026-03-12,2026-03-17,,Overdue,5,,,,,,,,,,Task remains open and should be reviewed in the next mentor checkpoint.,Mentor – Machine Learning,2026-03
TSK0322,INT021,Mahnoor Baloch,Machine Learning,Anomaly Detection Study,Documentation,2026-03-19,2026-03-24,,Overdue,5,,,,,,,,,,Task remains open and should be reviewed in the next mentor checkpoint.,Mentor – Machine Learning,2026-03
TSK0323,INT021,Mahnoor Baloch,Machine Learning,Prediction Benchmark,Dashboard,2026-03-07,2026-03-14,,Overdue,7,,,,,,,,,,Task remains open and should be reviewed in the next mentor checkpoint.,Mentor – Machine Learning,2026-03
TSK0324,INT021,Mahnoor Baloch,Machine Learning,Feature Engineering Lab,Presentation,2026-03-14,2026-03-18,2026-03-19,Overdue,4,4.2,0,4.23,3.86,4.05,4.22,4.09,4.15,3.66,Meets expectations; focus on stronger documentation and more consistent timeliness.,Mentor – Machine Learning,2026-03
TSK0325,INT022,Saad Shah,Web Development,Form Validation App,Automation,2026-03-10,2026-03-17,2026-03-16,Completed,7,5.6,1,3.33,3.68,3.78,3.14,3.34,3.32,3.7,Needs closer deadline management and more frequent mentor check-ins.,Mentor – Web Development,2026-03
TSK0326,INT022,Saad Shah,Web Development,Dashboard Frontend,Cleaning,2026-03-17,2026-03-19,2026-03-20,Overdue,2,2.3,0,3.27,3.4,3.53,3.69,3.59,3.47,3.14,"Focus on task planning, validation steps, and clearer progress updates.",Mentor – Web Development,2026-03
TSK0327,INT022,Saad Shah,Web Development,Responsive Portfolio,Validation,2026-03-05,2026-03-12,2026-03-12,Completed,7,6.9,1,3.36,3.31,3.73,3.64,3.82,3.59,3.7,"Focus on task planning, validation steps, and clearer progress updates.",Mentor – Web Development,2026-03
TSK0328,INT022,Saad Shah,Web Development,Analytics Portal,Analysis,2026-03-12,2026-03-15,2026-03-16,Overdue,3,3.1,0,2.98,3.43,3.38,3.92,3.38,3.76,3.07,Quality is improving; additional review before submission is recommended.,Mentor – Web Development,2026-03
TSK0329,INT023,Rida Memon,Business Analysis,Stakeholder Analysis,Research,2026-03-14,2026-03-17,,Overdue,3,,,,,,,,,,Task remains open and should be reviewed in the next mentor checkpoint.,Mentor – Business Analysis,2026-03
TSK0330,INT023,Rida Memon,Business Analysis,Business Case Study,Documentation,2026-03-21,2026-03-26,2026-03-26,Completed,5,5.0,1,3.74,3.92,4.16,3.88,4.21,3.78,3.95,Meets expectations; focus on stronger documentation and more consistent timeliness.,Mentor – Business Analysis,2026-03
TSK0331,INT023,Rida Memon,Business Analysis,Process Gap Review,Dashboard,2026-03-09,2026-03-14,2026-03-15,Overdue,5,5.5,0,3.81,3.88,3.99,3.89,4.14,3.76,3.39,Meets expectations; focus on stronger documentation and more consistent timeliness.,Mentor – Business Analysis,2026-03
TSK0332,INT023,Rida Memon,Business Analysis,Requirements Matrix,Presentation,2026-03-16,2026-03-18,2026-03-18,Completed,2,1.8,1,3.79,3.66,3.86,3.66,3.94,3.93,4.11,Meets expectations; focus on stronger documentation and more consistent timeliness.,Mentor – Business Analysis,2026-03
TSK0333,INT024,Hassan Shaikh,IT Support,System Health Review,Automation,2026-03-06,2026-03-09,2026-03-09,Completed,3,2.2,1,4.26,4.34,4.27,4.16,4.36,4.09,4.33,Solid work with opportunities to improve prioritization and final presentation quality.,Mentor – IT Support,2026-03
TSK0334,INT024,Hassan Shaikh,IT Support,Knowledge Base Project,Cleaning,2026-03-13,2026-03-18,2026-03-18,Completed,5,4.2,1,4.0,4.03,3.95,4.32,4.36,4.11,4.69,Solid work with opportunities to improve prioritization and final presentation quality.,Mentor – IT Support,2026-03
TSK0335,INT024,Hassan Shaikh,IT Support,Support Ticket Analysis,Validation,2026-03-20,2026-03-27,2026-03-26,Completed,7,5.4,1,4.48,3.99,4.09,3.85,3.99,4.42,4.45,Good progress; improve estimation and communicate blockers earlier.,Mentor – IT Support,2026-03
TSK0336,INT024,Hassan Shaikh,IT Support,Asset Audit,Analysis,2026-03-08,2026-03-15,,Overdue,7,,,,,,,,,,Task remains open and should be reviewed in the next mentor checkpoint.,Mentor – IT Support,2026-03
TSK0337,INT025,Anum Hussain,Data Analytics,Data Quality Review,Research,2026-03-03,2026-03-07,,Overdue,4,,,,,,,,,,Task remains open and should be reviewed in the next mentor checkpoint.,Mentor – Data Analytics,2026-03
TSK0338,INT025,Anum Hussain,Data Analytics,Executive Analytics Report,Documentation,2026-03-10,2026-03-13,,Overdue,3,,,,,,,,,,Task remains open and should be reviewed in the next mentor checkpoint.,Mentor – Data Analytics,2026-03
TSK0339,INT025,Anum Hussain,Data Analytics,Sales Performance Analysis,Dashboard,2026-03-17,2026-03-22,2026-03-22,Completed,5,4.4,1,3.42,3.53,3.87,3.49,3.44,3.44,3.42,Needs closer deadline management and more frequent mentor check-ins.,Mentor – Data Analytics,2026-03
TSK0340,INT025,Anum Hussain,Data Analytics,Internship Funnel Analysis,Presentation,2026-03-05,2026-03-07,2026-03-07,Completed,2,1.9,1,3.21,3.47,3.46,3.41,3.77,3.67,3.78,Needs closer deadline management and more frequent mentor check-ins.,Mentor – Data Analytics,2026-03
TSK0341,INT026,Farhan Qureshi,Power BI & BI,Operations Scorecard,Automation,2026-03-10,2026-03-13,2026-03-14,Overdue,3,3.1,0,4.13,3.82,3.95,3.59,3.96,4.07,3.36,Meets expectations; focus on stronger documentation and more consistent timeliness.,Mentor – Business Intelligence,2026-03
TSK0342,INT026,Farhan Qureshi,Power BI & BI,Power BI Storytelling,Cleaning,2026-03-17,2026-03-21,2026-03-21,Completed,4,3.8,1,3.95,3.57,4.18,3.76,4.26,4.11,4.11,Solid work with opportunities to improve prioritization and final presentation quality.,Mentor – Business Intelligence,2026-03
TSK0343,INT026,Farhan Qureshi,Power BI & BI,Executive KPI Dashboard,Validation,2026-03-05,2026-03-11,2026-03-12,Overdue,6,6.4,0,3.73,3.65,3.93,3.98,4.09,3.83,3.69,Meets expectations; focus on stronger documentation and more consistent timeliness.,Mentor – Business Intelligence,2026-03
TSK0344,INT026,Farhan Qureshi,Power BI & BI,Recruitment BI Report,Analysis,2026-03-12,2026-03-19,2026-03-20,Overdue,7,7.4,0,3.76,3.6,3.47,4.03,4.07,3.98,3.02,Meets expectations; focus on stronger documentation and more consistent timeliness.,Mentor – Business Intelligence,2026-03
TSK0345,INT027,Mehak Khan,Machine Learning,Model Evaluation,Research,2026-03-14,2026-03-21,2026-03-23,Overdue,7,8.4,0,4.03,4.22,4.08,4.28,3.78,4.48,3.96,Good progress; improve estimation and communicate blockers earlier.,Mentor – Machine Learning,2026-03
TSK0346,INT027,Mehak Khan,Machine Learning,Anomaly Detection Study,Documentation,2026-03-21,2026-03-23,2026-03-23,Completed,2,1.9,1,4.15,4.16,3.91,4.3,4.51,4.76,4.57,Solid work with opportunities to improve prioritization and final presentation quality.,Mentor – Machine Learning,2026-03
TSK0347,INT027,Mehak Khan,Machine Learning,Prediction Benchmark,Dashboard,2026-03-09,2026-03-12,2026-03-13,Overdue,3,3.3,0,3.67,3.85,4.01,4.1,4.53,4.36,3.63,Solid work with opportunities to improve prioritization and final presentation quality.,Mentor – Machine Learning,2026-03
TSK0348,INT027,Mehak Khan,Machine Learning,Feature Engineering Lab,Presentation,2026-03-16,2026-03-19,,Overdue,3,,,,,,,,,,Task remains open and should be reviewed in the next mentor checkpoint.,Mentor – Machine Learning,2026-03
TSK0349,INT028,Taha Raza,Web Development,Form Validation App,Automation,2026-03-18,2026-03-23,2026-03-24,Overdue,5,5.2,0,3.43,3.27,3.78,3.7,3.67,3.7,3.24,Needs closer deadline management and more frequent mentor check-ins.,Mentor – Web Development,2026-03
TSK0350,INT028,Taha Raza,Web Development,Dashboard Frontend,Cleaning,2026-03-06,2026-03-10,2026-03-10,Completed,4,3.8,1,3.15,3.46,3.27,3.53,3.55,3.38,3.79,Needs closer deadline management and more frequent mentor check-ins.,Mentor – Web Development,2026-03
TSK0351,INT028,Taha Raza,Web Development,Responsive Portfolio,Validation,2026-03-13,2026-03-15,,Overdue,2,,,,,,,,,,Task remains open and should be reviewed in the next mentor checkpoint.,Mentor – Web Development,2026-03
TSK0352,INT028,Taha Raza,Web Development,Analytics Portal,Analysis,2026-03-20,2026-03-24,,Overdue,4,,,,,,,,,,Task remains open and should be reviewed in the next mentor checkpoint.,Mentor – Web Development,2026-03
TSK0353,INT029,Nimra Malik,Business Analysis,Stakeholder Analysis,Research,2026-03-07,2026-03-11,2026-03-11,Completed,4,3.3,1,3.99,3.64,4.02,3.89,3.83,4.03,4.25,Good progress; improve estimation and communicate blockers earlier.,Mentor – Business Analysis,2026-03
TSK0354,INT029,Nimra Malik,Business Analysis,Business Case Study,Documentation,2026-03-14,2026-03-16,2026-03-17,Overdue,2,2.5,0,3.82,3.69,4.08,3.57,3.84,4.05,3.34,Meets expectations; focus on stronger documentation and more consistent timeliness.,Mentor – Business Analysis,2026-03
TSK0355,INT029,Nimra Malik,Business Analysis,Process Gap Review,Dashboard,2026-03-21,2026-03-28,,Overdue,7,,,,,,,,,,Task remains open and should be reviewed in the next mentor checkpoint.,Mentor – Business Analysis,2026-03
TSK0356,INT029,Nimra Malik,Business Analysis,Requirements Matrix,Presentation,2026-03-09,2026-03-16,2026-03-17,Overdue,7,7.3,0,3.66,3.66,3.99,4.3,3.55,3.59,3.42,Solid work with opportunities to improve prioritization and final presentation quality.,Mentor – Business Analysis,2026-03
TSK0357,INT030,Arham Ahmed,IT Support,System Health Review,Automation,2026-03-15,2026-03-17,2026-03-17,Completed,2,1.8,1,4.47,4.16,4.38,4.3,4.03,4.79,4.63,Solid work with opportunities to improve prioritization and final presentation quality.,Mentor – IT Support,2026-03
TSK0358,INT030,Arham Ahmed,IT Support,Knowledge Base Project,Cleaning,2026-03-03,2026-03-06,2026-03-06,Completed,3,2.6,1,4.2,4.34,4.18,4.28,4.65,4.42,4.58,Solid work with opportunities to improve prioritization and final presentation quality.,Mentor – IT Support,2026-03
TSK0359,INT030,Arham Ahmed,IT Support,Support Ticket Analysis,Validation,2026-03-10,2026-03-17,2026-03-18,Overdue,7,7.5,0,4.22,4.03,4.19,4.48,4.09,4.22,3.75,Meets expectations; focus on stronger documentation and more consistent timeliness.,Mentor – IT Support,2026-03
TSK0360,INT030,Arham Ahmed,IT Support,Asset Audit,Analysis,2026-03-17,2026-03-24,2026-03-21,Completed,7,3.9,1,4.35,4.35,4.11,3.86,4.45,4.38,4.26,Solid work with opportunities to improve prioritization and final presentation quality.,Mentor – IT Support,2026-03
TSK0361,INT001,Sajid Ali,Data Analytics,Executive Analytics Report,Research,2026-04-05,2026-04-10,2026-04-10,Completed,5,4.3,1,4.72,4.78,4.79,4.75,4.73,4.86,4.99,Excellent analytical discipline and dependable delivery against milestones.,Internee.pk Mentor,2026-04
TSK0362,INT001,Sajid Ali,Data Analytics,Sales Performance Analysis,Documentation,2026-04-12,2026-04-14,2026-04-14,Completed,2,1.2,1,5.0,4.78,4.75,4.66,4.98,4.7,4.97,Consistently delivers high-quality work with clear communication and strong ownership.,Internee.pk Mentor,2026-04
TSK0363,INT001,Sajid Ali,Data Analytics,Internship Funnel Analysis,Dashboard,2026-04-19,2026-04-23,2026-04-23,Completed,4,3.3,1,4.92,4.88,4.75,4.83,4.85,4.8,5.0,Excellent analytical discipline and dependable delivery against milestones.,Internee.pk Mentor,2026-04
TSK0364,INT001,Sajid Ali,Data Analytics,Data Quality Review,Presentation,2026-04-08,2026-04-12,2026-04-11,Completed,4,3.0,1,4.72,5.0,4.9,4.82,4.78,4.7,5.0,Strong technical execution with thoughtful documentation and proactive mentor updates.,Internee.pk Mentor,2026-04
TSK0365,INT002,Ayesha Khan,Power BI & BI,Power BI Storytelling,Automation,2026-04-04,2026-04-11,,Overdue,7,,,,,,,,,,Task remains open and should be reviewed in the next mentor checkpoint.,Mentor – Business Intelligence,2026-04
TSK0366,INT002,Ayesha Khan,Power BI & BI,Executive KPI Dashboard,Cleaning,2026-04-11,2026-04-15,2026-04-16,Overdue,4,4.1,0,3.83,3.91,4.06,3.6,4.09,3.28,3.27,Meets expectations; focus on stronger documentation and more consistent timeliness.,Mentor – Business Intelligence,2026-04
TSK0367,INT002,Ayesha Khan,Power BI & BI,Recruitment BI Report,Validation,2026-04-18,2026-04-22,2026-04-23,Overdue,4,4.2,0,3.59,3.4,3.67,4.17,3.91,3.86,3.6,Good progress; improve estimation and communicate blockers earlier.,Mentor – Business Intelligence,2026-04
TSK0368,INT002,Ayesha Khan,Power BI & BI,Operations Scorecard,Analysis,2026-04-07,2026-04-10,2026-04-11,Overdue,3,3.7,0,3.76,3.99,3.68,3.67,3.97,3.58,3.57,Solid work with opportunities to improve prioritization and final presentation quality.,Mentor – Business Intelligence,2026-04
TSK0369,INT003,Rehan Mehta,Machine Learning,Anomaly Detection Study,Research,2026-04-15,2026-04-19,2026-04-20,Overdue,4,4.4,0,4.0,4.07,4.06,4.53,4.2,4.07,3.75,Solid work with opportunities to improve prioritization and final presentation quality.,Mentor – Machine Learning,2026-04
TSK0370,INT003,Rehan Mehta,Machine Learning,Prediction Benchmark,Documentation,2026-04-04,2026-04-07,2026-04-06,Completed,3,1.8,1,4.08,4.06,4.45,4.52,4.41,4.22,4.25,Meets expectations; focus on stronger documentation and more consistent timeliness.,Mentor – Machine Learning,2026-04
TSK0371,INT003,Rehan Mehta,Machine Learning,Feature Engineering Lab,Dashboard,2026-04-11,2026-04-14,2026-04-14,Completed,3,2.2,1,4.13,4.47,4.38,4.06,4.26,4.33,4.19,Solid work with opportunities to improve prioritization and final presentation quality.,Mentor – Machine Learning,2026-04
TSK0372,INT003,Rehan Mehta,Machine Learning,Model Evaluation,Presentation,2026-04-18,2026-04-21,2026-04-21,Completed,3,2.9,1,4.5,4.19,4.29,4.36,4.46,4.48,4.28,Meets expectations; focus on stronger documentation and more consistent timeliness.,Mentor – Machine Learning,2026-04
TSK0373,INT004,Zainab Fatima,Web Development,Dashboard Frontend,Automation,2026-04-12,2026-04-17,,Overdue,5,,,,,,,,,,Task remains open and should be reviewed in the next mentor checkpoint.,Mentor – Web Development,2026-04
TSK0374,INT004,Zainab Fatima,Web Development,Responsive Portfolio,Cleaning,2026-04-19,2026-04-24,2026-04-25,Overdue,5,5.5,0,3.4,3.19,3.42,3.26,3.46,3.41,2.94,Quality is improving; additional review before submission is recommended.,Mentor – Web Development,2026-04
TSK0375,INT004,Zainab Fatima,Web Development,Analytics Portal,Validation,2026-04-08,2026-04-13,2026-04-13,Completed,5,5.0,1,3.53,3.32,3.75,3.14,3.66,3.49,3.58,Needs closer deadline management and more frequent mentor check-ins.,Mentor – Web Development,2026-04
TSK0376,INT004,Zainab Fatima,Web Development,Form Validation App,Analysis,2026-04-15,2026-04-17,2026-04-17,Completed,2,1.4,1,3.49,3.41,3.51,3.21,3.54,3.08,3.69,Quality is improving; additional review before submission is recommended.,Mentor – Web Development,2026-04
TSK0377,INT005,Arjun Singh,Business Analysis,Business Case Study,Research,2026-04-11,2026-04-16,2026-04-16,Completed,5,4.9,1,3.5,3.71,3.95,4.2,4.06,3.72,3.77,Good progress; improve estimation and communicate blockers earlier.,Mentor – Business Analysis,2026-04
TSK0378,INT005,Arjun Singh,Business Analysis,Process Gap Review,Documentation,2026-04-18,2026-04-24,2026-04-25,Overdue,6,6.1,0,3.93,3.65,4.05,3.95,3.99,4.15,3.41,Meets expectations; focus on stronger documentation and more consistent timeliness.,Mentor – Business Analysis,2026-04
TSK0379,INT005,Arjun Singh,Business Analysis,Requirements Matrix,Dashboard,2026-04-07,2026-04-14,2026-04-14,Completed,7,6.3,1,3.28,3.96,3.56,3.68,3.79,3.72,3.69,Good progress; improve estimation and communicate blockers earlier.,Mentor – Business Analysis,2026-04
TSK0380,INT005,Arjun Singh,Business Analysis,Stakeholder Analysis,Presentation,2026-04-14,2026-04-18,2026-04-18,Completed,4,3.6,1,3.84,3.67,3.92,3.87,3.77,3.96,4.26,Meets expectations; focus on stronger documentation and more consistent timeliness.,Mentor – Business Analysis,2026-04
TSK0381,INT006,Hira Memon,IT Support,Knowledge Base Project,Automation,2026-04-10,2026-04-14,2026-04-14,Completed,4,3.7,1,3.97,3.89,4.1,3.76,4.17,4.33,4.43,Good progress; improve estimation and communicate blockers earlier.,Mentor – IT Support,2026-04
TSK0382,INT006,Hira Memon,IT Support,Support Ticket Analysis,Cleaning,2026-04-17,2026-04-23,2026-04-22,Completed,6,4.6,1,4.36,4.26,3.89,4.07,4.06,4.43,4.4,Solid work with opportunities to improve prioritization and final presentation quality.,Mentor – IT Support,2026-04
TSK0383,INT006,Hira Memon,IT Support,Asset Audit,Validation,2026-04-06,2026-04-08,2026-04-09,Overdue,2,2.2,0,4.05,4.1,3.92,4.11,4.44,3.91,3.8,Good progress; improve estimation and communicate blockers earlier.,Mentor – IT Support,2026-04
TSK0384,INT006,Hira Memon,IT Support,System Health Review,Analysis,2026-04-13,2026-04-17,2026-04-17,Completed,4,3.8,1,3.86,4.25,4.07,4.34,4.28,4.52,4.31,Solid work with opportunities to improve prioritization and final presentation quality.,Mentor – IT Support,2026-04
TSK0385,INT007,Hamza Ahmed,Data Analytics,Executive Analytics Report,Research,2026-04-03,2026-04-05,2026-04-06,Overdue,2,2.1,0,3.59,3.45,3.64,3.53,3.16,3.43,3.13,Quality is improving; additional review before submission is recommended.,Mentor – Data Analytics,2026-04
TSK0386,INT007,Hamza Ahmed,Data Analytics,Sales Performance Analysis,Documentation,2026-04-10,2026-04-13,2026-04-13,Completed,3,2.9,1,3.74,3.27,3.68,3.62,3.62,3.1,3.6,Needs closer deadline management and more frequent mentor check-ins.,Mentor – Data Analytics,2026-04
TSK0387,INT007,Hamza Ahmed,Data Analytics,Internship Funnel Analysis,Dashboard,2026-04-17,2026-04-19,2026-04-19,Completed,2,1.5,1,3.43,3.47,3.58,3.37,3.52,3.76,3.73,Needs closer deadline management and more frequent mentor check-ins.,Mentor – Data Analytics,2026-04
TSK0388,INT007,Hamza Ahmed,Data Analytics,Data Quality Review,Presentation,2026-04-06,2026-04-08,2026-04-08,Completed,2,1.9,1,3.17,3.61,3.44,3.18,3.55,3.73,3.4,"Focus on task planning, validation steps, and clearer progress updates.",Mentor – Data Analytics,2026-04
TSK0389,INT008,Mariam Baloch,Power BI & BI,Power BI Storytelling,Automation,2026-04-17,2026-04-24,2026-04-26,Overdue,7,8.1,0,3.56,3.82,4.0,3.94,3.69,4.38,3.66,Solid work with opportunities to improve prioritization and final presentation quality.,Mentor – Business Intelligence,2026-04
TSK0390,INT008,Mariam Baloch,Power BI & BI,Executive KPI Dashboard,Cleaning,2026-04-06,2026-04-08,2026-04-09,Overdue,2,2.1,0,3.64,3.74,3.73,3.87,3.92,4.25,3.29,Meets expectations; focus on stronger documentation and more consistent timeliness.,Mentor – Business Intelligence,2026-04
TSK0391,INT008,Mariam Baloch,Power BI & BI,Recruitment BI Report,Validation,2026-04-13,2026-04-18,2026-04-19,Overdue,5,5.6,0,4.11,4.01,3.6,3.75,3.95,3.95,3.63,Meets expectations; focus on stronger documentation and more consistent timeliness.,Mentor – Business Intelligence,2026-04
TSK0392,INT008,Mariam Baloch,Power BI & BI,Operations Scorecard,Analysis,2026-04-20,2026-04-23,,Overdue,3,,,,,,,,,,Task remains open and should be reviewed in the next mentor checkpoint.,Mentor – Business Intelligence,2026-04
TSK0393,INT009,Ali Shah,Machine Learning,Anomaly Detection Study,Research,2026-04-04,2026-04-08,2026-04-08,Completed,4,3.2,1,4.32,4.21,4.19,4.24,4.02,4.18,4.53,Good progress; improve estimation and communicate blockers earlier.,Mentor – Machine Learning,2026-04
TSK0394,INT009,Ali Shah,Machine Learning,Prediction Benchmark,Documentation,2026-04-11,2026-04-14,2026-04-13,Completed,3,2.0,1,4.24,4.15,4.11,3.63,4.27,4.08,4.42,Solid work with opportunities to improve prioritization and final presentation quality.,Mentor – Machine Learning,2026-04
TSK0395,INT009,Ali Shah,Machine Learning,Feature Engineering Lab,Dashboard,2026-04-18,2026-04-22,2026-04-22,Completed,4,3.3,1,4.06,4.0,4.36,4.03,4.38,4.52,4.35,Good progress; improve estimation and communicate blockers earlier.,Mentor – Machine Learning,2026-04
TSK0396,INT009,Ali Shah,Machine Learning,Model Evaluation,Presentation,2026-04-07,2026-04-14,,Overdue,7,,,,,,,,,,Task remains open and should be reviewed in the next mentor checkpoint.,Mentor – Machine Learning,2026-04
TSK0397,INT010,Neha Hussain,Web Development,Dashboard Frontend,Automation,2026-04-12,2026-04-18,2026-04-18,Completed,6,5.3,1,3.83,3.33,3.61,3.72,3.32,3.35,3.74,Needs closer deadline management and more frequent mentor check-ins.,Mentor – Web Development,2026-04
TSK0398,INT010,Neha Hussain,Web Development,Responsive Portfolio,Cleaning,2026-04-19,2026-04-25,2026-04-24,Completed,6,4.7,1,3.1,3.6,3.61,3.5,3.6,3.58,3.57,Needs closer deadline management and more frequent mentor check-ins.,Mentor – Web Development,2026-04
TSK0399,INT010,Neha Hussain,Web Development,Analytics Portal,Validation,2026-04-08,2026-04-14,,Overdue,6,,,,,,,,,,Task remains open and should be reviewed in the next mentor checkpoint.,Mentor – Web Development,2026-04
TSK0400,INT010,Neha Hussain,Web Development,Form Validation App,Analysis,2026-04-15,2026-04-20,,Overdue,5,,,,,,,,,,Task remains open and should be reviewed in the next mentor checkpoint.,Mentor – Web Development,2026-04
TSK0401,INT011,Sara Malik,Business Analysis,Business Case Study,Research,2026-04-06,2026-04-09,2026-04-10,Overdue,3,3.3,0,3.44,3.62,3.81,4.07,3.55,3.6,3.32,Needs closer deadline management and more frequent mentor check-ins.,Mentor – Business Analysis,2026-04
TSK0402,INT011,Sara Malik,Business Analysis,Process Gap Review,Documentation,2026-04-13,2026-04-18,,Overdue,5,,,,,,,,,,Task remains open and should be reviewed in the next mentor checkpoint.,Mentor – Business Analysis,2026-04
TSK0403,INT011,Sara Malik,Business Analysis,Requirements Matrix,Dashboard,2026-04-20,2026-04-23,2026-04-24,Overdue,3,3.3,0,3.62,3.68,3.84,3.5,3.98,3.93,3.49,Meets expectations; focus on stronger documentation and more consistent timeliness.,Mentor – Business Analysis,2026-04
TSK0404,INT011,Sara Malik,Business Analysis,Stakeholder Analysis,Presentation,2026-04-09,2026-04-15,2026-04-16,Overdue,6,6.4,0,3.68,3.75,3.86,3.59,3.91,4.11,3.41,Solid work with opportunities to improve prioritization and final presentation quality.,Mentor – Business Analysis,2026-04
TSK0405,INT012,Usman Ali,IT Support,Knowledge Base Project,Automation,2026-04-20,2026-04-22,2026-04-22,Completed,2,1.5,1,4.58,4.26,4.36,4.5,4.05,4.53,4.46,Meets expectations; focus on stronger documentation and more consistent timeliness.,Mentor – IT Support,2026-04
TSK0406,INT012,Usman Ali,IT Support,Support Ticket Analysis,Cleaning,2026-04-09,2026-04-15,,Overdue,6,,,,,,,,,,Task remains open and should be reviewed in the next mentor checkpoint.,Mentor – IT Support,2026-04
TSK0407,INT012,Usman Ali,IT Support,Asset Audit,Validation,2026-04-16,2026-04-22,2026-04-23,Overdue,6,7.0,0,4.17,4.22,3.77,3.8,4.47,4.24,3.78,Good progress; improve estimation and communicate blockers earlier.,Mentor – IT Support,2026-04
TSK0408,INT012,Usman Ali,IT Support,System Health Review,Analysis,2026-04-05,2026-04-09,2026-04-08,Completed,4,2.9,1,4.49,4.02,4.22,3.92,4.35,4.16,4.29,Meets expectations; focus on stronger documentation and more consistent timeliness.,Mentor – IT Support,2026-04
TSK0409,INT013,Fatima Noor,Data Analytics,Executive Analytics Report,Research,2026-04-18,2026-04-22,2026-04-22,Completed,4,3.1,1,3.6,3.65,3.48,3.59,3.35,3.28,3.69,Quality is improving; additional review before submission is recommended.,Mentor – Data Analytics,2026-04
TSK0410,INT013,Fatima Noor,Data Analytics,Sales Performance Analysis,Documentation,2026-04-07,2026-04-14,2026-04-15,Overdue,7,8.0,0,2.74,3.35,3.43,3.3,3.44,3.55,3.18,Needs closer deadline management and more frequent mentor check-ins.,Mentor – Data Analytics,2026-04
TSK0411,INT013,Fatima Noor,Data Analytics,Internship Funnel Analysis,Dashboard,2026-04-14,2026-04-20,2026-04-19,Completed,6,4.3,1,3.93,3.91,3.41,3.57,3.57,3.51,3.69,Good progress; improve estimation and communicate blockers earlier.,Mentor – Data Analytics,2026-04
TSK0412,INT013,Fatima Noor,Data Analytics,Data Quality Review,Presentation,2026-04-03,2026-04-06,,Overdue,3,,,,,,,,,,Task remains open and should be reviewed in the next mentor checkpoint.,Mentor – Data Analytics,2026-04
TSK0413,INT014,Bilal Shaikh,Power BI & BI,Power BI Storytelling,Automation,2026-04-06,2026-04-09,2026-04-09,Completed,3,2.8,1,3.72,3.86,3.68,4.0,3.87,4.09,4.02,Meets expectations; focus on stronger documentation and more consistent timeliness.,Mentor – Business Intelligence,2026-04
TSK0414,INT014,Bilal Shaikh,Power BI & BI,Executive KPI Dashboard,Cleaning,2026-04-13,2026-04-20,,Overdue,7,,,,,,,,,,Task remains open and should be reviewed in the next mentor checkpoint.,Mentor – Business Intelligence,2026-04
TSK0415,INT014,Bilal Shaikh,Power BI & BI,Recruitment BI Report,Validation,2026-04-20,2026-04-27,2026-04-27,Completed,7,6.7,1,3.73,3.99,3.86,3.88,3.99,3.61,3.87,Meets expectations; focus on stronger documentation and more consistent timeliness.,Mentor – Business Intelligence,2026-04
TSK0416,INT014,Bilal Shaikh,Power BI & BI,Operations Scorecard,Analysis,2026-04-09,2026-04-12,,Overdue,3,,,,,,,,,,Task remains open and should be reviewed in the next mentor checkpoint.,Mentor – Business Intelligence,2026-04
TSK0417,INT015,Iqra Khan,Machine Learning,Anomaly Detection Study,Research,2026-04-17,2026-04-23,2026-04-24,Overdue,6,6.6,0,3.87,4.08,4.3,3.94,4.19,3.86,3.71,Good progress; improve estimation and communicate blockers earlier.,Mentor – Machine Learning,2026-04
TSK0418,INT015,Iqra Khan,Machine Learning,Prediction Benchmark,Documentation,2026-04-06,2026-04-12,2026-04-11,Completed,6,5.0,1,4.21,3.8,4.15,4.6,4.14,4.25,4.1,Solid work with opportunities to improve prioritization and final presentation quality.,Mentor – Machine Learning,2026-04
TSK0419,INT015,Iqra Khan,Machine Learning,Feature Engineering Lab,Dashboard,2026-04-13,2026-04-20,2026-04-21,Overdue,7,7.2,0,3.89,4.21,3.92,4.3,4.07,4.16,3.6,Good progress; improve estimation and communicate blockers earlier.,Mentor – Machine Learning,2026-04
TSK0420,INT015,Iqra Khan,Machine Learning,Model Evaluation,Presentation,2026-04-20,2026-04-22,2026-04-22,Completed,2,1.5,1,4.13,4.42,4.44,4.18,4.25,4.23,4.54,Solid work with opportunities to improve prioritization and final presentation quality.,Mentor – Machine Learning,2026-04
TSK0421,INT016,Danish Raza,Web Development,Dashboard Frontend,Automation,2026-04-08,2026-04-10,,Overdue,2,,,,,,,,,,Task remains open and should be reviewed in the next mentor checkpoint.,Mentor – Web Development,2026-04
TSK0422,INT016,Danish Raza,Web Development,Responsive Portfolio,Cleaning,2026-04-15,2026-04-18,2026-04-19,Overdue,3,3.5,0,3.85,3.36,2.74,3.9,3.43,3.49,2.83,Needs closer deadline management and more frequent mentor check-ins.,Mentor – Web Development,2026-04
TSK0423,INT016,Danish Raza,Web Development,Analytics Portal,Validation,2026-04-04,2026-04-07,2026-04-08,Overdue,3,3.3,0,3.73,3.69,3.49,3.62,3.76,3.58,2.91,Quality is improving; additional review before submission is recommended.,Mentor – Web Development,2026-04
TSK0424,INT016,Danish Raza,Web Development,Form Validation App,Analysis,2026-04-11,2026-04-17,2026-04-17,Completed,6,5.4,1,3.65,3.25,3.53,3.1,3.68,3.47,3.62,"Focus on task planning, validation steps, and clearer progress updates.",Mentor – Web Development,2026-04
TSK0425,INT017,Zoya Malik,Business Analysis,Business Case Study,Research,2026-04-20,2026-04-27,2026-04-27,Completed,7,6.7,1,3.61,4.18,3.9,4.24,4.17,4.01,4.25,Solid work with opportunities to improve prioritization and final presentation quality.,Mentor – Business Analysis,2026-04
TSK0426,INT017,Zoya Malik,Business Analysis,Process Gap Review,Documentation,2026-04-09,2026-04-12,2026-04-13,Overdue,3,3.6,0,3.98,4.0,3.64,4.48,3.86,4.12,3.62,Meets expectations; focus on stronger documentation and more consistent timeliness.,Mentor – Business Analysis,2026-04
TSK0427,INT017,Zoya Malik,Business Analysis,Requirements Matrix,Dashboard,2026-04-16,2026-04-21,2026-04-22,Overdue,5,5.3,0,4.05,3.48,3.68,4.0,4.49,3.72,3.26,Good progress; improve estimation and communicate blockers earlier.,Mentor – Business Analysis,2026-04
TSK0428,INT017,Zoya Malik,Business Analysis,Stakeholder Analysis,Presentation,2026-04-05,2026-04-10,2026-04-11,Overdue,5,5.8,0,4.0,3.5,3.84,3.95,3.79,3.82,3.27,Good progress; improve estimation and communicate blockers earlier.,Mentor – Business Analysis,2026-04
TSK0429,INT018,Fahad Ali,IT Support,Knowledge Base Project,Automation,2026-04-11,2026-04-17,2026-04-16,Completed,6,4.6,1,4.26,4.56,4.42,3.99,4.09,3.98,4.35,Meets expectations; focus on stronger documentation and more consistent timeliness.,Mentor – IT Support,2026-04
TSK0430,INT018,Fahad Ali,IT Support,Support Ticket Analysis,Cleaning,2026-04-18,2026-04-21,,Overdue,3,,,,,,,,,,Task remains open and should be reviewed in the next mentor checkpoint.,Mentor – IT Support,2026-04
TSK0431,INT018,Fahad Ali,IT Support,Asset Audit,Validation,2026-04-07,2026-04-11,,Overdue,4,,,,,,,,,,Task remains open and should be reviewed in the next mentor checkpoint.,Mentor – IT Support,2026-04
TSK0432,INT018,Fahad Ali,IT Support,System Health Review,Analysis,2026-04-14,2026-04-18,2026-04-18,Completed,4,3.8,1,4.26,3.82,4.17,4.25,4.1,4.54,4.41,Good progress; improve estimation and communicate blockers earlier.,Mentor – IT Support,2026-04
TSK0433,INT019,Sana Noor,Data Analytics,Executive Analytics Report,Research,2026-04-10,2026-04-13,2026-04-14,Overdue,3,3.1,0,3.07,2.91,3.57,3.58,3.19,3.64,2.93,Needs closer deadline management and more frequent mentor check-ins.,Mentor – Data Analytics,2026-04
TSK0434,INT019,Sana Noor,Data Analytics,Sales Performance Analysis,Documentation,2026-04-17,2026-04-19,2026-04-20,Overdue,2,2.5,0,3.53,3.41,3.27,3.54,3.58,3.54,3.16,"Focus on task planning, validation steps, and clearer progress updates.",Mentor – Data Analytics,2026-04
TSK0435,INT019,Sana Noor,Data Analytics,Internship Funnel Analysis,Dashboard,2026-04-06,2026-04-12,2026-04-12,Completed,6,5.2,1,3.36,3.57,3.38,3.53,3.85,3.86,3.85,"Focus on task planning, validation steps, and clearer progress updates.",Mentor – Data Analytics,2026-04
TSK0436,INT019,Sana Noor,Data Analytics,Data Quality Review,Presentation,2026-04-13,2026-04-16,2026-04-16,Completed,3,2.5,1,3.57,3.81,3.5,3.66,3.77,3.39,3.66,Needs closer deadline management and more frequent mentor check-ins.,Mentor – Data Analytics,2026-04
TSK0437,INT020,Adeel Ahmed,Power BI & BI,Power BI Storytelling,Automation,2026-04-09,2026-04-15,2026-04-16,Overdue,6,6.4,0,3.36,4.1,3.78,4.11,4.0,4.11,3.63,Good progress; improve estimation and communicate blockers earlier.,Mentor – Business Intelligence,2026-04
TSK0438,INT020,Adeel Ahmed,Power BI & BI,Executive KPI Dashboard,Cleaning,2026-04-16,2026-04-21,2026-04-22,Overdue,5,5.3,0,3.88,3.72,3.9,3.83,3.89,4.16,3.49,Meets expectations; focus on stronger documentation and more consistent timeliness.,Mentor – Business Intelligence,2026-04
TSK0439,INT020,Adeel Ahmed,Power BI & BI,Recruitment BI Report,Validation,2026-04-05,2026-04-08,,Overdue,3,,,,,,,,,,Task remains open and should be reviewed in the next mentor checkpoint.,Mentor – Business Intelligence,2026-04
TSK0440,INT020,Adeel Ahmed,Power BI & BI,Operations Scorecard,Analysis,2026-04-12,2026-04-15,2026-04-15,Completed,3,2.5,1,4.07,3.93,3.83,3.56,4.02,3.8,4.01,Good progress; improve estimation and communicate blockers earlier.,Mentor – Business Intelligence,2026-04
TSK0441,INT021,Mahnoor Baloch,Machine Learning,Anomaly Detection Study,Research,2026-04-20,2026-04-27,2026-04-27,Completed,7,6.7,1,4.12,4.25,4.33,4.03,4.58,4.12,4.52,Solid work with opportunities to improve prioritization and final presentation quality.,Mentor – Machine Learning,2026-04
TSK0442,INT021,Mahnoor Baloch,Machine Learning,Prediction Benchmark,Documentation,2026-04-09,2026-04-11,2026-04-12,Overdue,2,2.2,0,4.22,4.39,4.22,4.09,4.54,4.71,3.73,Good progress; improve estimation and communicate blockers earlier.,Mentor – Machine Learning,2026-04
TSK0443,INT021,Mahnoor Baloch,Machine Learning,Feature Engineering Lab,Dashboard,2026-04-16,2026-04-20,2026-04-19,Completed,4,2.5,1,4.1,3.96,4.15,4.21,4.29,4.17,4.37,Good progress; improve estimation and communicate blockers earlier.,Mentor – Machine Learning,2026-04
TSK0444,INT021,Mahnoor Baloch,Machine Learning,Model Evaluation,Presentation,2026-04-05,2026-04-12,2026-04-12,Completed,7,6.9,1,4.09,4.09,4.34,4.3,3.94,4.34,4.79,Solid work with opportunities to improve prioritization and final presentation quality.,Mentor – Machine Learning,2026-04
TSK0445,INT022,Saad Shah,Web Development,Dashboard Frontend,Automation,2026-04-19,2026-04-25,2026-04-25,Completed,6,6.0,1,3.5,3.55,3.51,3.65,3.5,3.25,3.73,Quality is improving; additional review before submission is recommended.,Mentor – Web Development,2026-04
TSK0446,INT022,Saad Shah,Web Development,Responsive Portfolio,Cleaning,2026-04-08,2026-04-12,2026-04-13,Overdue,4,4.1,0,3.41,3.34,3.37,3.28,3.89,3.59,2.97,Quality is improving; additional review before submission is recommended.,Mentor – Web Development,2026-04
TSK0447,INT022,Saad Shah,Web Development,Analytics Portal,Validation,2026-04-15,2026-04-17,2026-04-17,Completed,2,1.5,1,3.81,3.37,3.71,3.43,3.57,3.43,3.59,"Focus on task planning, validation steps, and clearer progress updates.",Mentor – Web Development,2026-04
TSK0448,INT022,Saad Shah,Web Development,Form Validation App,Analysis,2026-04-04,2026-04-08,2026-04-07,Completed,4,3.0,1,3.46,3.69,3.25,3.85,3.33,3.56,3.86,Quality is improving; additional review before submission is recommended.,Mentor – Web Development,2026-04
TSK0449,INT023,Rida Memon,Business Analysis,Business Case Study,Research,2026-04-11,2026-04-14,2026-04-15,Overdue,3,3.8,0,3.35,3.85,3.83,3.19,3.68,3.95,3.45,Quality is improving; additional review before submission is recommended.,Mentor – Business Analysis,2026-04
TSK0450,INT023,Rida Memon,Business Analysis,Process Gap Review,Documentation,2026-04-18,2026-04-24,2026-04-24,Completed,6,5.5,1,3.97,3.53,3.68,3.88,3.78,3.96,4.0,Good progress; improve estimation and communicate blockers earlier.,Mentor – Business Analysis,2026-04
TSK0451,INT023,Rida Memon,Business Analysis,Requirements Matrix,Dashboard,2026-04-07,2026-04-09,2026-04-09,Completed,2,1.7,1,3.81,3.54,3.91,4.39,3.73,3.9,3.95,Meets expectations; focus on stronger documentation and more consistent timeliness.,Mentor – Business Analysis,2026-04
TSK0452,INT023,Rida Memon,Business Analysis,Stakeholder Analysis,Presentation,2026-04-14,2026-04-19,2026-04-18,Completed,5,3.1,1,3.49,3.89,4.17,3.85,3.94,3.85,3.99,Solid work with opportunities to improve prioritization and final presentation quality.,Mentor – Business Analysis,2026-04
TSK0453,INT024,Hassan Shaikh,IT Support,Knowledge Base Project,Automation,2026-04-15,2026-04-19,2026-04-18,Completed,4,2.6,1,4.3,4.22,4.28,4.16,4.61,4.35,4.26,Meets expectations; focus on stronger documentation and more consistent timeliness.,Mentor – IT Support,2026-04
TSK0454,INT024,Hassan Shaikh,IT Support,Support Ticket Analysis,Cleaning,2026-04-04,2026-04-10,2026-04-08,Completed,6,3.9,1,4.33,4.35,4.36,4.35,4.24,4.47,4.31,Meets expectations; focus on stronger documentation and more consistent timeliness.,Mentor – IT Support,2026-04
TSK0455,INT024,Hassan Shaikh,IT Support,Asset Audit,Validation,2026-04-11,2026-04-14,2026-04-14,Completed,3,2.6,1,4.29,3.96,4.28,4.29,4.35,4.33,4.33,Meets expectations; focus on stronger documentation and more consistent timeliness.,Mentor – IT Support,2026-04
TSK0456,INT024,Hassan Shaikh,IT Support,System Health Review,Analysis,2026-04-18,2026-04-24,2026-04-26,Overdue,6,7.9,0,4.01,4.24,4.23,4.2,4.51,4.12,3.76,Solid work with opportunities to improve prioritization and final presentation quality.,Mentor – IT Support,2026-04
TSK0457,INT025,Anum Hussain,Data Analytics,Executive Analytics Report,Research,2026-04-11,2026-04-13,2026-04-13,Completed,2,2.0,1,3.14,3.41,3.52,3.43,3.61,3.27,3.68,"Focus on task planning, validation steps, and clearer progress updates.",Mentor – Data Analytics,2026-04
TSK0458,INT025,Anum Hussain,Data Analytics,Sales Performance Analysis,Documentation,2026-04-18,2026-04-20,,Overdue,2,,,,,,,,,,Task remains open and should be reviewed in the next mentor checkpoint.,Mentor – Data Analytics,2026-04
TSK0459,INT025,Anum Hussain,Data Analytics,Internship Funnel Analysis,Dashboard,2026-04-07,2026-04-14,2026-04-14,Completed,7,6.7,1,3.23,3.41,3.61,3.6,3.49,3.37,3.84,Needs closer deadline management and more frequent mentor check-ins.,Mentor – Data Analytics,2026-04
TSK0460,INT025,Anum Hussain,Data Analytics,Data Quality Review,Presentation,2026-04-14,2026-04-16,2026-04-16,Completed,2,1.6,1,3.72,3.69,3.46,3.28,3.52,3.63,3.52,Quality is improving; additional review before submission is recommended.,Mentor – Data Analytics,2026-04
TSK0461,INT026,Farhan Qureshi,Power BI & BI,Power BI Storytelling,Automation,2026-04-06,2026-04-09,2026-04-09,Completed,3,3.0,1,3.78,4.06,3.6,3.66,3.8,3.99,3.89,Meets expectations; focus on stronger documentation and more consistent timeliness.,Mentor – Business Intelligence,2026-04
TSK0462,INT026,Farhan Qureshi,Power BI & BI,Executive KPI Dashboard,Cleaning,2026-04-13,2026-04-19,2026-04-19,Completed,6,5.6,1,3.86,3.57,4.01,3.91,3.18,3.82,3.95,Meets expectations; focus on stronger documentation and more consistent timeliness.,Mentor – Business Intelligence,2026-04
TSK0463,INT026,Farhan Qureshi,Power BI & BI,Recruitment BI Report,Validation,2026-04-20,2026-04-26,2026-04-24,Completed,6,3.7,1,3.72,3.94,3.77,4.23,4.32,3.76,4.09,Good progress; improve estimation and communicate blockers earlier.,Mentor – Business Intelligence,2026-04
TSK0464,INT026,Farhan Qureshi,Power BI & BI,Operations Scorecard,Analysis,2026-04-09,2026-04-14,,Overdue,5,,,,,,,,,,Task remains open and should be reviewed in the next mentor checkpoint.,Mentor – Business Intelligence,2026-04
TSK0465,INT027,Mehak Khan,Machine Learning,Anomaly Detection Study,Research,2026-04-15,2026-04-21,2026-04-21,Completed,6,5.1,1,4.19,4.34,4.05,4.18,3.92,4.19,4.28,Good progress; improve estimation and communicate blockers earlier.,Mentor – Machine Learning,2026-04
TSK0466,INT027,Mehak Khan,Machine Learning,Prediction Benchmark,Documentation,2026-04-04,2026-04-08,2026-04-07,Completed,4,2.2,1,4.21,3.95,4.27,4.11,4.02,4.59,4.34,Solid work with opportunities to improve prioritization and final presentation quality.,Mentor – Machine Learning,2026-04
TSK0467,INT027,Mehak Khan,Machine Learning,Feature Engineering Lab,Dashboard,2026-04-11,2026-04-15,2026-04-14,Completed,4,2.4,1,4.49,4.41,4.13,3.95,4.17,4.03,4.46,Solid work with opportunities to improve prioritization and final presentation quality.,Mentor – Machine Learning,2026-04
TSK0468,INT027,Mehak Khan,Machine Learning,Model Evaluation,Presentation,2026-04-18,2026-04-22,,Overdue,4,,,,,,,,,,Task remains open and should be reviewed in the next mentor checkpoint.,Mentor – Machine Learning,2026-04
TSK0469,INT028,Taha Raza,Web Development,Dashboard Frontend,Automation,2026-04-07,2026-04-14,2026-04-15,Overdue,7,7.9,0,3.14,3.63,3.55,3.55,3.68,3.36,3.07,Quality is improving; additional review before submission is recommended.,Mentor – Web Development,2026-04
TSK0470,INT028,Taha Raza,Web Development,Responsive Portfolio,Cleaning,2026-04-14,2026-04-16,,Overdue,2,,,,,,,,,,Task remains open and should be reviewed in the next mentor checkpoint.,Mentor – Web Development,2026-04
TSK0471,INT028,Taha Raza,Web Development,Analytics Portal,Validation,2026-04-03,2026-04-09,2026-04-09,Completed,6,5.9,1,3.61,3.63,3.52,3.45,3.64,3.58,3.72,"Focus on task planning, validation steps, and clearer progress updates.",Mentor – Web Development,2026-04
TSK0472,INT028,Taha Raza,Web Development,Form Validation App,Analysis,2026-04-10,2026-04-17,2026-04-15,Completed,7,5.0,1,3.62,3.54,3.52,3.68,3.45,3.56,3.71,Needs closer deadline management and more frequent mentor check-ins.,Mentor – Web Development,2026-04
TSK0473,INT029,Nimra Malik,Business Analysis,Business Case Study,Research,2026-04-11,2026-04-17,2026-04-16,Completed,6,4.9,1,3.95,3.7,4.09,4.19,3.81,4.07,4.0,Solid work with opportunities to improve prioritization and final presentation quality.,Mentor – Business Analysis,2026-04
TSK0474,INT029,Nimra Malik,Business Analysis,Process Gap Review,Documentation,2026-04-18,2026-04-24,2026-04-26,Overdue,6,7.2,0,3.48,3.54,3.65,4.16,4.34,3.75,3.38,Meets expectations; focus on stronger documentation and more consistent timeliness.,Mentor – Business Analysis,2026-04
TSK0475,INT029,Nimra Malik,Business Analysis,Requirements Matrix,Dashboard,2026-04-07,2026-04-12,,Overdue,5,,,,,,,,,,Task remains open and should be reviewed in the next mentor checkpoint.,Mentor – Business Analysis,2026-04
TSK0476,INT029,Nimra Malik,Business Analysis,Stakeholder Analysis,Presentation,2026-04-14,2026-04-19,2026-04-19,Completed,5,4.7,1,3.7,4.15,3.76,3.91,4.01,3.92,4.24,Meets expectations; focus on stronger documentation and more consistent timeliness.,Mentor – Business Analysis,2026-04
TSK0477,INT030,Arham Ahmed,IT Support,Knowledge Base Project,Automation,2026-04-06,2026-04-12,2026-04-12,Completed,6,5.2,1,4.38,4.32,4.1,4.44,4.35,4.18,4.21,Meets expectations; focus on stronger documentation and more consistent timeliness.,Mentor – IT Support,2026-04
TSK0478,INT030,Arham Ahmed,IT Support,Support Ticket Analysis,Cleaning,2026-04-13,2026-04-19,2026-04-20,Overdue,6,6.2,0,3.86,4.31,4.27,4.46,4.07,4.26,3.96,Meets expectations; focus on stronger documentation and more consistent timeliness.,Mentor – IT Support,2026-04
TSK0479,INT030,Arham Ahmed,IT Support,Asset Audit,Validation,2026-04-20,2026-04-22,2026-04-22,Completed,2,2.0,1,4.41,4.18,4.38,4.22,4.32,4.45,4.49,Meets expectations; focus on stronger documentation and more consistent timeliness.,Mentor – IT Support,2026-04
TSK0480,INT030,Arham Ahmed,IT Support,System Health Review,Analysis,2026-04-09,2026-04-15,2026-04-14,Completed,6,4.8,1,4.01,4.35,4.47,4.33,4.12,4.48,4.41,Solid work with opportunities to improve prioritization and final presentation quality.,Mentor – IT Support,2026-04
TSK0481,INT001,Sajid Ali,Data Analytics,Sales Performance Analysis,Research,2026-05-16,2026-05-21,2026-05-21,Completed,5,4.1,1,4.87,4.78,4.75,4.75,5.0,5.0,5.0,Strong technical execution with thoughtful documentation and proactive mentor updates.,Internee.pk Mentor,2026-05
TSK0482,INT001,Sajid Ali,Data Analytics,Internship Funnel Analysis,Documentation,2026-05-04,2026-05-11,2026-05-10,Completed,7,5.6,1,5.0,4.9,5.0,5.0,4.72,4.73,5.0,Consistently delivers high-quality work with clear communication and strong ownership.,Internee.pk Mentor,2026-05
TSK0483,INT001,Sajid Ali,Data Analytics,Data Quality Review,Dashboard,2026-05-11,2026-05-15,2026-05-15,Completed,4,3.4,1,4.72,4.89,5.0,4.96,4.8,4.7,5.0,Excellent analytical discipline and dependable delivery against milestones.,Internee.pk Mentor,2026-05
TSK0484,INT001,Sajid Ali,Data Analytics,Executive Analytics Report,Presentation,2026-05-18,2026-05-21,2026-05-21,Completed,3,2.6,1,4.72,5.0,4.96,5.0,4.72,4.7,4.98,Strong technical execution with thoughtful documentation and proactive mentor updates.,Internee.pk Mentor,2026-05
TSK0485,INT002,Ayesha Khan,Power BI & BI,Executive KPI Dashboard,Automation,2026-05-11,2026-05-17,2026-05-17,Completed,6,5.4,1,3.78,3.58,3.78,3.45,3.53,3.66,3.93,Good progress; improve estimation and communicate blockers earlier.,Mentor – Business Intelligence,2026-05
TSK0486,INT002,Ayesha Khan,Power BI & BI,Recruitment BI Report,Cleaning,2026-05-18,2026-05-20,2026-05-20,Completed,2,1.8,1,3.87,4.03,3.76,3.44,3.99,3.92,3.71,Solid work with opportunities to improve prioritization and final presentation quality.,Mentor – Business Intelligence,2026-05
TSK0487,INT002,Ayesha Khan,Power BI & BI,Operations Scorecard,Validation,2026-05-06,2026-05-08,2026-05-09,Overdue,2,2.2,0,3.53,3.72,3.86,3.44,3.87,3.65,3.61,Meets expectations; focus on stronger documentation and more consistent timeliness.,Mentor – Business Intelligence,2026-05
TSK0488,INT002,Ayesha Khan,Power BI & BI,Power BI Storytelling,Analysis,2026-05-13,2026-05-18,,Overdue,5,,,,,,,,,,Task remains open and should be reviewed in the next mentor checkpoint.,Mentor – Business Intelligence,2026-05
TSK0489,INT003,Rehan Mehta,Machine Learning,Prediction Benchmark,Research,2026-05-08,2026-05-10,2026-05-10,Completed,2,2.0,1,4.31,4.12,4.1,3.78,4.28,4.25,4.34,Meets expectations; focus on stronger documentation and more consistent timeliness.,Mentor – Machine Learning,2026-05
TSK0490,INT003,Rehan Mehta,Machine Learning,Feature Engineering Lab,Documentation,2026-05-15,2026-05-18,2026-05-18,Completed,3,3.0,1,3.94,3.9,4.19,3.99,4.53,4.1,4.32,Good progress; improve estimation and communicate blockers earlier.,Mentor – Machine Learning,2026-05
TSK0491,INT003,Rehan Mehta,Machine Learning,Model Evaluation,Dashboard,2026-05-03,2026-05-06,2026-05-06,Completed,3,2.5,1,4.25,4.29,4.26,4.3,4.09,4.28,4.42,Meets expectations; focus on stronger documentation and more consistent timeliness.,Mentor – Machine Learning,2026-05
TSK0492,INT003,Rehan Mehta,Machine Learning,Anomaly Detection Study,Presentation,2026-05-10,2026-05-15,2026-05-14,Completed,5,3.5,1,4.05,4.42,4.34,3.81,3.94,4.15,4.21,Good progress; improve estimation and communicate blockers earlier.,Mentor – Machine Learning,2026-05
TSK0493,INT004,Zainab Fatima,Web Development,Responsive Portfolio,Automation,2026-05-07,2026-05-13,,Overdue,6,,,,,,,,,,Task remains open and should be reviewed in the next mentor checkpoint.,Mentor – Web Development,2026-05
TSK0494,INT004,Zainab Fatima,Web Development,Analytics Portal,Cleaning,2026-05-14,2026-05-19,2026-05-20,Overdue,5,5.2,0,3.31,3.57,3.43,3.34,3.21,3.29,2.84,Needs closer deadline management and more frequent mentor check-ins.,Mentor – Web Development,2026-05
TSK0495,INT004,Zainab Fatima,Web Development,Form Validation App,Validation,2026-05-21,2026-05-28,2026-05-27,Completed,7,5.9,1,3.74,3.56,3.5,3.14,3.57,3.26,3.72,Quality is improving; additional review before submission is recommended.,Mentor – Web Development,2026-05
TSK0496,INT004,Zainab Fatima,Web Development,Dashboard Frontend,Analysis,2026-05-09,2026-05-16,2026-05-17,Overdue,7,7.8,0,3.21,3.52,3.41,3.2,3.78,3.23,2.76,Needs closer deadline management and more frequent mentor check-ins.,Mentor – Web Development,2026-05
TSK0497,INT005,Arjun Singh,Business Analysis,Process Gap Review,Research,2026-05-06,2026-05-10,2026-05-11,Overdue,4,4.9,0,3.66,3.89,3.76,3.94,3.95,4.03,3.35,Meets expectations; focus on stronger documentation and more consistent timeliness.,Mentor – Business Analysis,2026-05
TSK0498,INT005,Arjun Singh,Business Analysis,Requirements Matrix,Documentation,2026-05-13,2026-05-18,2026-05-19,Overdue,5,5.1,0,3.74,3.76,3.86,3.79,3.81,3.93,3.58,Solid work with opportunities to improve prioritization and final presentation quality.,Mentor – Business Analysis,2026-05
TSK0499,INT005,Arjun Singh,Business Analysis,Stakeholder Analysis,Dashboard,2026-05-20,2026-05-23,2026-05-23,Completed,3,2.5,1,3.51,3.96,3.91,3.76,3.91,4.22,4.21,Solid work with opportunities to improve prioritization and final presentation quality.,Mentor – Business Analysis,2026-05
TSK0500,INT005,Arjun Singh,Business Analysis,Business Case Study,Presentation,2026-05-08,2026-05-15,2026-05-14,Completed,7,5.2,1,4.06,3.97,3.91,3.86,3.73,3.69,3.73,Good progress; improve estimation and communicate blockers earlier.,Mentor – Business Analysis,2026-05
TSK0501,INT006,Hira Memon,IT Support,Support Ticket Analysis,Automation,2026-05-10,2026-05-12,2026-05-12,Completed,2,1.7,1,4.17,4.11,4.48,4.33,4.18,4.4,4.28,Meets expectations; focus on stronger documentation and more consistent timeliness.,Mentor – IT Support,2026-05
TSK0502,INT006,Hira Memon,IT Support,Asset Audit,Cleaning,2026-05-17,2026-05-22,2026-05-22,Completed,5,4.3,1,4.04,4.48,4.26,4.2,3.75,3.98,4.62,Meets expectations; focus on stronger documentation and more consistent timeliness.,Mentor – IT Support,2026-05
TSK0503,INT006,Hira Memon,IT Support,System Health Review,Validation,2026-05-05,2026-05-11,,Overdue,6,,,,,,,,,,Task remains open and should be reviewed in the next mentor checkpoint.,Mentor – IT Support,2026-05
TSK0504,INT006,Hira Memon,IT Support,Knowledge Base Project,Analysis,2026-05-12,2026-05-18,,Overdue,6,,,,,,,,,,Task remains open and should be reviewed in the next mentor checkpoint.,Mentor – IT Support,2026-05
TSK0505,INT007,Hamza Ahmed,Data Analytics,Sales Performance Analysis,Research,2026-05-15,2026-05-17,2026-05-17,Completed,2,2.0,1,3.42,3.58,3.53,3.65,3.51,3.47,3.53,Quality is improving; additional review before submission is recommended.,Mentor – Data Analytics,2026-05
TSK0506,INT007,Hamza Ahmed,Data Analytics,Internship Funnel Analysis,Documentation,2026-05-03,2026-05-08,,Overdue,5,,,,,,,,,,Task remains open and should be reviewed in the next mentor checkpoint.,Mentor – Data Analytics,2026-05
TSK0507,INT007,Hamza Ahmed,Data Analytics,Data Quality Review,Dashboard,2026-05-10,2026-05-12,2026-05-12,Completed,2,1.9,1,3.87,3.38,3.68,3.26,3.39,3.6,3.43,Needs closer deadline management and more frequent mentor check-ins.,Mentor – Data Analytics,2026-05
TSK0508,INT007,Hamza Ahmed,Data Analytics,Executive Analytics Report,Presentation,2026-05-17,2026-05-24,2026-05-24,Completed,7,6.7,1,3.62,3.68,3.26,3.56,3.52,3.54,3.76,Quality is improving; additional review before submission is recommended.,Mentor – Data Analytics,2026-05
TSK0509,INT008,Mariam Baloch,Power BI & BI,Executive KPI Dashboard,Automation,2026-05-06,2026-05-12,2026-05-13,Overdue,6,6.2,0,3.69,3.3,3.82,3.9,3.75,3.66,3.35,Needs closer deadline management and more frequent mentor check-ins.,Mentor – Business Intelligence,2026-05
TSK0510,INT008,Mariam Baloch,Power BI & BI,Recruitment BI Report,Cleaning,2026-05-13,2026-05-17,2026-05-17,Completed,4,3.4,1,3.84,3.66,4.17,3.69,3.55,3.88,4.11,Solid work with opportunities to improve prioritization and final presentation quality.,Mentor – Business Intelligence,2026-05
TSK0511,INT008,Mariam Baloch,Power BI & BI,Operations Scorecard,Validation,2026-05-20,2026-05-22,2026-05-22,Completed,2,1.4,1,3.92,3.79,3.79,3.69,3.59,3.94,3.81,Meets expectations; focus on stronger documentation and more consistent timeliness.,Mentor – Business Intelligence,2026-05
TSK0512,INT008,Mariam Baloch,Power BI & BI,Power BI Storytelling,Analysis,2026-05-08,2026-05-11,2026-05-12,Overdue,3,3.6,0,3.62,3.73,4.11,3.59,3.7,3.55,3.37,Good progress; improve estimation and communicate blockers earlier.,Mentor – Business Intelligence,2026-05
TSK0513,INT009,Ali Shah,Machine Learning,Prediction Benchmark,Research,2026-05-10,2026-05-15,2026-05-16,Overdue,5,5.4,0,4.35,4.05,4.03,3.96,4.54,4.35,3.38,Solid work with opportunities to improve prioritization and final presentation quality.,Mentor – Machine Learning,2026-05
TSK0514,INT009,Ali Shah,Machine Learning,Feature Engineering Lab,Documentation,2026-05-17,2026-05-22,2026-05-21,Completed,5,3.4,1,4.16,4.12,4.17,4.11,3.94,4.09,4.34,Good progress; improve estimation and communicate blockers earlier.,Mentor – Machine Learning,2026-05
TSK0515,INT009,Ali Shah,Machine Learning,Model Evaluation,Dashboard,2026-05-05,2026-05-08,2026-05-09,Overdue,3,3.4,0,4.05,4.3,4.39,4.01,4.03,4.07,4.02,Solid work with opportunities to improve prioritization and final presentation quality.,Mentor – Machine Learning,2026-05
TSK0516,INT009,Ali Shah,Machine Learning,Anomaly Detection Study,Presentation,2026-05-12,2026-05-18,2026-05-19,Overdue,6,6.2,0,3.82,3.93,4.14,4.08,4.18,4.36,3.95,Good progress; improve estimation and communicate blockers earlier.,Mentor – Machine Learning,2026-05
TSK0517,INT010,Neha Hussain,Web Development,Responsive Portfolio,Automation,2026-05-20,2026-05-23,2026-05-23,Completed,3,2.6,1,3.64,3.51,3.4,3.34,3.5,3.14,3.84,"Focus on task planning, validation steps, and clearer progress updates.",Mentor – Web Development,2026-05
TSK0518,INT010,Neha Hussain,Web Development,Analytics Portal,Cleaning,2026-05-08,2026-05-11,2026-05-11,Completed,3,2.8,1,3.37,3.36,3.26,3.46,3.6,3.41,3.32,"Focus on task planning, validation steps, and clearer progress updates.",Mentor – Web Development,2026-05
TSK0519,INT010,Neha Hussain,Web Development,Form Validation App,Validation,2026-05-15,2026-05-19,2026-05-19,Completed,4,3.2,1,3.49,3.52,3.01,3.55,3.47,3.5,3.73,Needs closer deadline management and more frequent mentor check-ins.,Mentor – Web Development,2026-05
TSK0520,INT010,Neha Hussain,Web Development,Dashboard Frontend,Analysis,2026-05-03,2026-05-07,2026-05-08,Overdue,4,4.3,0,3.17,3.7,3.74,3.24,3.4,3.46,2.98,Needs closer deadline management and more frequent mentor check-ins.,Mentor – Web Development,2026-05
TSK0521,INT011,Sara Malik,Business Analysis,Process Gap Review,Research,2026-05-20,2026-05-23,2026-05-24,Overdue,3,3.5,0,3.3,3.57,3.55,3.91,4.2,3.74,3.27,"Focus on task planning, validation steps, and clearer progress updates.",Mentor – Business Analysis,2026-05
TSK0522,INT011,Sara Malik,Business Analysis,Requirements Matrix,Documentation,2026-05-08,2026-05-11,2026-05-12,Overdue,3,3.9,0,3.48,3.73,3.8,4.21,3.97,3.95,3.17,Solid work with opportunities to improve prioritization and final presentation quality.,Mentor – Business Analysis,2026-05
TSK0523,INT011,Sara Malik,Business Analysis,Stakeholder Analysis,Dashboard,2026-05-15,2026-05-22,2026-05-24,Overdue,7,8.9,0,3.67,3.87,3.64,3.91,4.01,3.75,3.38,Meets expectations; focus on stronger documentation and more consistent timeliness.,Mentor – Business Analysis,2026-05
TSK0524,INT011,Sara Malik,Business Analysis,Business Case Study,Presentation,2026-05-03,2026-05-06,2026-05-06,Completed,3,2.9,1,3.8,3.74,3.86,3.81,3.67,3.83,4.08,Good progress; improve estimation and communicate blockers earlier.,Mentor – Business Analysis,2026-05
TSK0525,INT012,Usman Ali,IT Support,Support Ticket Analysis,Automation,2026-05-19,2026-05-26,2026-05-27,Overdue,7,7.1,0,4.04,4.19,3.91,4.34,4.16,4.48,3.57,Good progress; improve estimation and communicate blockers earlier.,Mentor – IT Support,2026-05
TSK0526,INT012,Usman Ali,IT Support,Asset Audit,Cleaning,2026-05-07,2026-05-11,2026-05-10,Completed,4,2.2,1,4.02,4.31,4.51,4.08,4.22,4.12,4.44,Solid work with opportunities to improve prioritization and final presentation quality.,Mentor – IT Support,2026-05
TSK0527,INT012,Usman Ali,IT Support,System Health Review,Validation,2026-05-14,2026-05-19,2026-05-19,Completed,5,4.4,1,4.25,4.02,4.23,4.34,4.34,3.7,4.25,Meets expectations; focus on stronger documentation and more consistent timeliness.,Mentor – IT Support,2026-05
TSK0528,INT012,Usman Ali,IT Support,Knowledge Base Project,Analysis,2026-05-21,2026-05-27,2026-05-27,Completed,6,5.5,1,4.02,4.17,4.28,4.35,4.47,4.12,4.37,Solid work with opportunities to improve prioritization and final presentation quality.,Mentor – IT Support,2026-05
TSK0529,INT013,Fatima Noor,Data Analytics,Sales Performance Analysis,Research,2026-05-06,2026-05-13,2026-05-15,Overdue,7,8.5,0,3.13,3.23,3.5,3.76,3.87,3.48,3.2,Quality is improving; additional review before submission is recommended.,Mentor – Data Analytics,2026-05
TSK0530,INT013,Fatima Noor,Data Analytics,Internship Funnel Analysis,Documentation,2026-05-13,2026-05-19,,Overdue,6,,,,,,,,,,Task remains open and should be reviewed in the next mentor checkpoint.,Mentor – Data Analytics,2026-05
TSK0531,INT013,Fatima Noor,Data Analytics,Data Quality Review,Dashboard,2026-05-20,2026-05-27,2026-05-28,Overdue,7,7.1,0,3.49,3.38,3.33,3.56,3.51,3.42,3.02,Quality is improving; additional review before submission is recommended.,Mentor – Data Analytics,2026-05
TSK0532,INT013,Fatima Noor,Data Analytics,Executive Analytics Report,Presentation,2026-05-08,2026-05-12,2026-05-13,Overdue,4,4.4,0,3.37,3.68,3.31,3.24,3.69,3.24,3.2,"Focus on task planning, validation steps, and clearer progress updates.",Mentor – Data Analytics,2026-05
TSK0533,INT014,Bilal Shaikh,Power BI & BI,Executive KPI Dashboard,Automation,2026-05-09,2026-05-12,2026-05-13,Overdue,3,3.1,0,4.03,3.44,3.51,3.49,3.82,3.57,3.43,Quality is improving; additional review before submission is recommended.,Mentor – Business Intelligence,2026-05
TSK0534,INT014,Bilal Shaikh,Power BI & BI,Recruitment BI Report,Cleaning,2026-05-16,2026-05-20,2026-05-20,Completed,4,4.0,1,4.3,3.91,3.81,3.83,3.66,3.88,3.93,Good progress; improve estimation and communicate blockers earlier.,Mentor – Business Intelligence,2026-05
TSK0535,INT014,Bilal Shaikh,Power BI & BI,Operations Scorecard,Validation,2026-05-04,2026-05-07,2026-05-08,Overdue,3,3.1,0,3.58,3.65,3.73,3.5,3.66,4.24,3.52,Solid work with opportunities to improve prioritization and final presentation quality.,Mentor – Business Intelligence,2026-05
TSK0536,INT014,Bilal Shaikh,Power BI & BI,Power BI Storytelling,Analysis,2026-05-11,2026-05-14,,Overdue,3,,,,,,,,,,Task remains open and should be reviewed in the next mentor checkpoint.,Mentor – Business Intelligence,2026-05
TSK0537,INT015,Iqra Khan,Machine Learning,Prediction Benchmark,Research,2026-05-07,2026-05-10,2026-05-10,Completed,3,2.9,1,4.31,4.33,4.26,4.43,4.18,4.35,4.29,Solid work with opportunities to improve prioritization and final presentation quality.,Mentor – Machine Learning,2026-05
TSK0538,INT015,Iqra Khan,Machine Learning,Feature Engineering Lab,Documentation,2026-05-14,2026-05-20,,Overdue,6,,,,,,,,,,Task remains open and should be reviewed in the next mentor checkpoint.,Mentor – Machine Learning,2026-05
TSK0539,INT015,Iqra Khan,Machine Learning,Model Evaluation,Dashboard,2026-05-21,2026-05-26,2026-05-24,Completed,5,2.9,1,4.08,4.33,4.4,4.21,4.44,4.24,4.35,Meets expectations; focus on stronger documentation and more consistent timeliness.,Mentor – Machine Learning,2026-05
TSK0540,INT015,Iqra Khan,Machine Learning,Anomaly Detection Study,Presentation,2026-05-09,2026-05-12,2026-05-12,Completed,3,2.7,1,4.24,4.38,4.34,4.34,4.39,4.59,4.5,Meets expectations; focus on stronger documentation and more consistent timeliness.,Mentor – Machine Learning,2026-05
TSK0541,INT016,Danish Raza,Web Development,Responsive Portfolio,Automation,2026-05-16,2026-05-20,2026-05-20,Completed,4,3.7,1,3.72,3.48,3.52,3.16,3.55,3.4,3.49,Needs closer deadline management and more frequent mentor check-ins.,Mentor – Web Development,2026-05
TSK0542,INT016,Danish Raza,Web Development,Analytics Portal,Cleaning,2026-05-04,2026-05-08,2026-05-09,Overdue,4,5.0,0,3.62,3.6,3.66,3.49,3.34,3.37,2.85,Needs closer deadline management and more frequent mentor check-ins.,Mentor – Web Development,2026-05
TSK0543,INT016,Danish Raza,Web Development,Form Validation App,Validation,2026-05-11,2026-05-14,2026-05-14,Completed,3,3.0,1,3.86,3.78,3.55,3.47,3.48,3.43,3.82,Needs closer deadline management and more frequent mentor check-ins.,Mentor – Web Development,2026-05
TSK0544,INT016,Danish Raza,Web Development,Dashboard Frontend,Analysis,2026-05-18,2026-05-22,2026-05-23,Overdue,4,4.1,0,3.56,3.21,3.39,3.01,3.57,3.59,3.07,"Focus on task planning, validation steps, and clearer progress updates.",Mentor – Web Development,2026-05
TSK0545,INT017,Zoya Malik,Business Analysis,Process Gap Review,Research,2026-05-11,2026-05-17,2026-05-17,Completed,6,5.9,1,3.59,4.27,3.76,4.0,3.57,3.72,4.2,Meets expectations; focus on stronger documentation and more consistent timeliness.,Mentor – Business Analysis,2026-05
TSK0546,INT017,Zoya Malik,Business Analysis,Requirements Matrix,Documentation,2026-05-18,2026-05-20,2026-05-20,Completed,2,1.9,1,3.77,3.83,3.69,3.67,3.83,3.96,3.86,Meets expectations; focus on stronger documentation and more consistent timeliness.,Mentor – Business Analysis,2026-05
TSK0547,INT017,Zoya Malik,Business Analysis,Stakeholder Analysis,Dashboard,2026-05-06,2026-05-11,2026-05-11,Completed,5,4.7,1,4.48,3.82,3.39,4.02,3.88,4.11,4.44,Solid work with opportunities to improve prioritization and final presentation quality.,Mentor – Business Analysis,2026-05
TSK0548,INT017,Zoya Malik,Business Analysis,Business Case Study,Presentation,2026-05-13,2026-05-19,2026-05-20,Overdue,6,6.3,0,4.15,4.02,3.91,4.12,3.86,3.71,3.69,Good progress; improve estimation and communicate blockers earlier.,Mentor – Business Analysis,2026-05
TSK0549,INT018,Fahad Ali,IT Support,Support Ticket Analysis,Automation,2026-05-07,2026-05-09,2026-05-09,Completed,2,1.6,1,4.07,4.47,4.39,4.3,4.54,4.05,4.25,Meets expectations; focus on stronger documentation and more consistent timeliness.,Mentor – IT Support,2026-05
TSK0550,INT018,Fahad Ali,IT Support,Asset Audit,Cleaning,2026-05-14,2026-05-17,2026-05-17,Completed,3,2.7,1,4.22,4.56,4.19,4.44,3.91,4.47,4.43,Good progress; improve estimation and communicate blockers earlier.,Mentor – IT Support,2026-05
TSK0551,INT018,Fahad Ali,IT Support,System Health Review,Validation,2026-05-21,2026-05-23,2026-05-23,Completed,2,1.3,1,4.12,4.2,4.44,4.55,3.94,4.27,4.28,Good progress; improve estimation and communicate blockers earlier.,Mentor – IT Support,2026-05
TSK0552,INT018,Fahad Ali,IT Support,Knowledge Base Project,Analysis,2026-05-09,2026-05-11,2026-05-12,Overdue,2,2.1,0,4.09,4.14,4.17,4.27,4.17,4.44,3.97,Good progress; improve estimation and communicate blockers earlier.,Mentor – IT Support,2026-05
TSK0553,INT019,Sana Noor,Data Analytics,Sales Performance Analysis,Research,2026-05-21,2026-05-28,2026-05-27,Completed,7,5.9,1,3.39,3.83,3.43,3.17,3.24,3.46,3.38,Needs closer deadline management and more frequent mentor check-ins.,Mentor – Data Analytics,2026-05
TSK0554,INT019,Sana Noor,Data Analytics,Internship Funnel Analysis,Documentation,2026-05-09,2026-05-11,2026-05-11,Completed,2,1.8,1,3.82,3.42,3.6,3.51,3.52,3.73,3.56,Needs closer deadline management and more frequent mentor check-ins.,Mentor – Data Analytics,2026-05
TSK0555,INT019,Sana Noor,Data Analytics,Data Quality Review,Dashboard,2026-05-16,2026-05-20,2026-05-21,Overdue,4,4.1,0,3.39,3.58,3.48,3.16,3.57,3.73,3.05,"Focus on task planning, validation steps, and clearer progress updates.",Mentor – Data Analytics,2026-05
TSK0556,INT019,Sana Noor,Data Analytics,Executive Analytics Report,Presentation,2026-05-04,2026-05-11,,Overdue,7,,,,,,,,,,Task remains open and should be reviewed in the next mentor checkpoint.,Mentor – Data Analytics,2026-05
TSK0557,INT020,Adeel Ahmed,Power BI & BI,Executive KPI Dashboard,Automation,2026-05-11,2026-05-18,2026-05-18,Completed,7,6.2,1,3.59,4.02,3.85,4.04,3.76,3.71,3.94,Solid work with opportunities to improve prioritization and final presentation quality.,Mentor – Business Intelligence,2026-05
TSK0558,INT020,Adeel Ahmed,Power BI & BI,Recruitment BI Report,Cleaning,2026-05-18,2026-05-23,2026-05-23,Completed,5,4.7,1,3.65,3.9,3.95,3.73,3.81,3.63,4.02,Good progress; improve estimation and communicate blockers earlier.,Mentor – Business Intelligence,2026-05
TSK0559,INT020,Adeel Ahmed,Power BI & BI,Operations Scorecard,Validation,2026-05-06,2026-05-13,2026-05-12,Completed,7,5.1,1,4.22,3.65,4.0,3.21,3.82,3.92,4.08,Meets expectations; focus on stronger documentation and more consistent timeliness.,Mentor – Business Intelligence,2026-05
TSK0560,INT020,Adeel Ahmed,Power BI & BI,Power BI Storytelling,Analysis,2026-05-13,2026-05-20,2026-05-18,Completed,7,4.8,1,4.29,3.95,3.82,3.89,4.0,4.21,3.93,Meets expectations; focus on stronger documentation and more consistent timeliness.,Mentor – Business Intelligence,2026-05
TSK0561,INT021,Mahnoor Baloch,Machine Learning,Prediction Benchmark,Research,2026-05-15,2026-05-22,2026-05-22,Completed,7,6.7,1,4.32,4.74,4.16,4.77,4.08,4.28,4.3,Meets expectations; focus on stronger documentation and more consistent timeliness.,Mentor – Machine Learning,2026-05
TSK0562,INT021,Mahnoor Baloch,Machine Learning,Feature Engineering Lab,Documentation,2026-05-03,2026-05-07,,Overdue,4,,,,,,,,,,Task remains open and should be reviewed in the next mentor checkpoint.,Mentor – Machine Learning,2026-05
TSK0563,INT021,Mahnoor Baloch,Machine Learning,Model Evaluation,Dashboard,2026-05-10,2026-05-16,2026-05-15,Completed,6,5.0,1,4.2,4.17,4.19,4.06,4.18,3.9,4.46,Solid work with opportunities to improve prioritization and final presentation quality.,Mentor – Machine Learning,2026-05
TSK0564,INT021,Mahnoor Baloch,Machine Learning,Anomaly Detection Study,Presentation,2026-05-17,2026-05-23,2026-05-23,Completed,6,5.9,1,4.16,4.41,4.12,4.55,4.17,4.09,4.59,Meets expectations; focus on stronger documentation and more consistent timeliness.,Mentor – Machine Learning,2026-05
TSK0565,INT022,Saad Shah,Web Development,Responsive Portfolio,Automation,2026-05-13,2026-05-19,2026-05-19,Completed,6,6.0,1,3.33,3.51,3.43,3.14,3.32,3.72,3.84,Quality is improving; additional review before submission is recommended.,Mentor – Web Development,2026-05
TSK0566,INT022,Saad Shah,Web Development,Analytics Portal,Cleaning,2026-05-20,2026-05-25,2026-05-24,Completed,5,3.8,1,3.53,3.84,3.63,3.57,3.51,3.55,3.58,"Focus on task planning, validation steps, and clearer progress updates.",Mentor – Web Development,2026-05
TSK0567,INT022,Saad Shah,Web Development,Form Validation App,Validation,2026-05-08,2026-05-13,,Overdue,5,,,,,,,,,,Task remains open and should be reviewed in the next mentor checkpoint.,Mentor – Web Development,2026-05
TSK0568,INT022,Saad Shah,Web Development,Dashboard Frontend,Analysis,2026-05-15,2026-05-20,,Overdue,5,,,,,,,,,,Task remains open and should be reviewed in the next mentor checkpoint.,Mentor – Web Development,2026-05
TSK0569,INT023,Rida Memon,Business Analysis,Process Gap Review,Research,2026-05-17,2026-05-23,2026-05-23,Completed,6,6.0,1,3.99,3.79,3.95,4.21,3.51,3.78,3.77,Solid work with opportunities to improve prioritization and final presentation quality.,Mentor – Business Analysis,2026-05
TSK0570,INT023,Rida Memon,Business Analysis,Requirements Matrix,Documentation,2026-05-05,2026-05-08,,Overdue,3,,,,,,,,,,Task remains open and should be reviewed in the next mentor checkpoint.,Mentor – Business Analysis,2026-05
TSK0571,INT023,Rida Memon,Business Analysis,Stakeholder Analysis,Dashboard,2026-05-12,2026-05-15,2026-05-16,Overdue,3,3.6,0,4.29,3.35,3.59,4.43,3.95,3.6,3.33,Solid work with opportunities to improve prioritization and final presentation quality.,Mentor – Business Analysis,2026-05
TSK0572,INT023,Rida Memon,Business Analysis,Business Case Study,Presentation,2026-05-19,2026-05-26,2026-05-27,Overdue,7,7.8,0,3.71,3.82,3.71,3.91,3.94,3.95,3.47,Good progress; improve estimation and communicate blockers earlier.,Mentor – Business Analysis,2026-05
TSK0573,INT024,Hassan Shaikh,IT Support,Support Ticket Analysis,Automation,2026-05-09,2026-05-14,,Overdue,5,,,,,,,,,,Task remains open and should be reviewed in the next mentor checkpoint.,Mentor – IT Support,2026-05
TSK0574,INT024,Hassan Shaikh,IT Support,Asset Audit,Cleaning,2026-05-16,2026-05-18,2026-05-19,Overdue,2,2.1,0,4.23,4.15,4.25,3.97,4.03,4.09,3.9,Good progress; improve estimation and communicate blockers earlier.,Mentor – IT Support,2026-05
TSK0575,INT024,Hassan Shaikh,IT Support,System Health Review,Validation,2026-05-04,2026-05-11,2026-05-13,Overdue,7,8.2,0,4.33,4.25,4.43,3.99,3.96,4.24,3.77,Good progress; improve estimation and communicate blockers earlier.,Mentor – IT Support,2026-05
TSK0576,INT024,Hassan Shaikh,IT Support,Knowledge Base Project,Analysis,2026-05-11,2026-05-13,2026-05-14,Overdue,2,2.2,0,4.42,4.38,4.18,4.09,4.1,4.31,3.89,Good progress; improve estimation and communicate blockers earlier.,Mentor – IT Support,2026-05
TSK0577,INT025,Anum Hussain,Data Analytics,Sales Performance Analysis,Research,2026-05-06,2026-05-13,,Overdue,7,,,,,,,,,,Task remains open and should be reviewed in the next mentor checkpoint.,Mentor – Data Analytics,2026-05
TSK0578,INT025,Anum Hussain,Data Analytics,Internship Funnel Analysis,Documentation,2026-05-13,2026-05-15,2026-05-16,Overdue,2,2.1,0,3.22,3.44,3.32,3.17,3.88,3.4,3.01,"Focus on task planning, validation steps, and clearer progress updates.",Mentor – Data Analytics,2026-05
TSK0579,INT025,Anum Hussain,Data Analytics,Data Quality Review,Dashboard,2026-05-20,2026-05-27,2026-05-29,Overdue,7,8.8,0,3.5,3.27,3.46,3.54,3.05,3.69,3.01,Quality is improving; additional review before submission is recommended.,Mentor – Data Analytics,2026-05
TSK0580,INT025,Anum Hussain,Data Analytics,Executive Analytics Report,Presentation,2026-05-08,2026-05-11,2026-05-11,Completed,3,2.8,1,3.48,3.61,3.4,3.64,3.66,3.53,3.68,"Focus on task planning, validation steps, and clearer progress updates.",Mentor – Data Analytics,2026-05
TSK0581,INT026,Farhan Qureshi,Power BI & BI,Executive KPI Dashboard,Automation,2026-05-13,2026-05-18,2026-05-18,Completed,5,4.1,1,3.61,3.81,3.77,3.91,3.87,3.53,4.05,Solid work with opportunities to improve prioritization and final presentation quality.,Mentor – Business Intelligence,2026-05
TSK0582,INT026,Farhan Qureshi,Power BI & BI,Recruitment BI Report,Cleaning,2026-05-20,2026-05-23,2026-05-24,Overdue,3,3.1,0,3.78,3.61,3.6,3.64,4.05,3.81,3.58,Solid work with opportunities to improve prioritization and final presentation quality.,Mentor – Business Intelligence,2026-05
TSK0583,INT026,Farhan Qureshi,Power BI & BI,Operations Scorecard,Validation,2026-05-08,2026-05-12,2026-05-12,Completed,4,4.0,1,4.23,3.63,3.85,3.82,3.61,3.86,4.23,Good progress; improve estimation and communicate blockers earlier.,Mentor – Business Intelligence,2026-05
TSK0584,INT026,Farhan Qureshi,Power BI & BI,Power BI Storytelling,Analysis,2026-05-15,2026-05-18,2026-05-19,Overdue,3,3.2,0,3.74,3.86,3.92,3.86,4.22,3.81,3.49,Good progress; improve estimation and communicate blockers earlier.,Mentor – Business Intelligence,2026-05
TSK0585,INT027,Mehak Khan,Machine Learning,Prediction Benchmark,Research,2026-05-17,2026-05-21,2026-05-21,Completed,4,3.4,1,3.93,4.11,4.57,4.54,4.01,4.06,4.47,Meets expectations; focus on stronger documentation and more consistent timeliness.,Mentor – Machine Learning,2026-05
TSK0586,INT027,Mehak Khan,Machine Learning,Feature Engineering Lab,Documentation,2026-05-05,2026-05-08,2026-05-08,Completed,3,3.0,1,4.34,4.22,4.17,4.13,4.0,4.52,4.5,Good progress; improve estimation and communicate blockers earlier.,Mentor – Machine Learning,2026-05
TSK0587,INT027,Mehak Khan,Machine Learning,Model Evaluation,Dashboard,2026-05-12,2026-05-19,2026-05-19,Completed,7,6.7,1,3.98,4.24,4.1,4.02,4.18,4.81,4.29,Solid work with opportunities to improve prioritization and final presentation quality.,Mentor – Machine Learning,2026-05
TSK0588,INT027,Mehak Khan,Machine Learning,Anomaly Detection Study,Presentation,2026-05-19,2026-05-25,2026-05-24,Completed,6,4.8,1,4.34,4.03,4.34,4.35,4.39,4.24,4.55,Solid work with opportunities to improve prioritization and final presentation quality.,Mentor – Machine Learning,2026-05
TSK0589,INT028,Taha Raza,Web Development,Responsive Portfolio,Automation,2026-05-21,2026-05-26,2026-05-28,Overdue,5,6.2,0,3.18,3.71,3.49,3.4,3.63,3.35,3.04,Quality is improving; additional review before submission is recommended.,Mentor – Web Development,2026-05
TSK0590,INT028,Taha Raza,Web Development,Analytics Portal,Cleaning,2026-05-09,2026-05-14,,Overdue,5,,,,,,,,,,Task remains open and should be reviewed in the next mentor checkpoint.,Mentor – Web Development,2026-05
TSK0591,INT028,Taha Raza,Web Development,Form Validation App,Validation,2026-05-16,2026-05-18,,Overdue,2,,,,,,,,,,Task remains open and should be reviewed in the next mentor checkpoint.,Mentor – Web Development,2026-05
TSK0592,INT028,Taha Raza,Web Development,Dashboard Frontend,Analysis,2026-05-04,2026-05-09,2026-05-08,Completed,5,3.6,1,3.24,3.67,3.84,3.95,3.37,3.85,3.55,Quality is improving; additional review before submission is recommended.,Mentor – Web Development,2026-05
TSK0593,INT029,Nimra Malik,Business Analysis,Process Gap Review,Research,2026-05-10,2026-05-17,2026-05-17,Completed,7,6.1,1,3.48,3.8,3.81,3.51,3.9,3.96,4.14,Meets expectations; focus on stronger documentation and more consistent timeliness.,Mentor – Business Analysis,2026-05
TSK0594,INT029,Nimra Malik,Business Analysis,Requirements Matrix,Documentation,2026-05-17,2026-05-21,2026-05-21,Completed,4,3.3,1,4.19,3.89,3.34,4.07,4.07,3.93,3.86,Meets expectations; focus on stronger documentation and more consistent timeliness.,Mentor – Business Analysis,2026-05
TSK0595,INT029,Nimra Malik,Business Analysis,Stakeholder Analysis,Dashboard,2026-05-05,2026-05-12,2026-05-11,Completed,7,5.3,1,3.49,3.92,4.06,3.83,3.64,3.78,4.19,Good progress; improve estimation and communicate blockers earlier.,Mentor – Business Analysis,2026-05
TSK0596,INT029,Nimra Malik,Business Analysis,Business Case Study,Presentation,2026-05-12,2026-05-14,2026-05-14,Completed,2,1.8,1,3.97,4.12,4.04,4.03,3.98,3.74,4.01,Meets expectations; focus on stronger documentation and more consistent timeliness.,Mentor – Business Analysis,2026-05
TSK0597,INT030,Arham Ahmed,IT Support,Support Ticket Analysis,Automation,2026-05-18,2026-05-24,,Overdue,6,,,,,,,,,,Task remains open and should be reviewed in the next mentor checkpoint.,Mentor – IT Support,2026-05
TSK0598,INT030,Arham Ahmed,IT Support,Asset Audit,Cleaning,2026-05-06,2026-05-10,2026-05-10,Completed,4,3.3,1,4.35,4.32,4.16,4.29,4.04,4.43,4.6,Solid work with opportunities to improve prioritization and final presentation quality.,Mentor – IT Support,2026-05
TSK0599,INT030,Arham Ahmed,IT Support,System Health Review,Validation,2026-05-13,2026-05-20,2026-05-19,Completed,7,5.5,1,4.24,4.23,4.3,4.22,4.36,4.22,4.43,Solid work with opportunities to improve prioritization and final presentation quality.,Mentor – IT Support,2026-05
TSK0600,INT030,Arham Ahmed,IT Support,Knowledge Base Project,Analysis,2026-05-20,2026-05-25,2026-05-25,Completed,5,4.1,1,4.55,4.6,4.15,4.37,4.15,4.28,4.69,Solid work with opportunities to improve prioritization and final presentation quality.,Mentor – IT Support,2026-05
TSK0601,INT001,Sajid Ali,Data Analytics,Internship Funnel Analysis,Research,2026-06-09,2026-06-15,2026-06-13,Completed,6,3.3,1,4.82,4.85,5.0,5.0,4.79,4.7,4.97,Excellent analytical discipline and dependable delivery against milestones.,Internee.pk Mentor,2026-06
TSK0602,INT001,Sajid Ali,Data Analytics,Data Quality Review,Documentation,2026-06-16,2026-06-22,2026-06-22,Completed,6,5.2,1,5.0,4.86,5.0,5.0,5.0,4.95,5.0,Consistently delivers high-quality work with clear communication and strong ownership.,Internee.pk Mentor,2026-06
TSK0603,INT001,Sajid Ali,Data Analytics,Executive Analytics Report,Dashboard,2026-06-05,2026-06-11,2026-06-10,Completed,6,4.6,1,5.0,4.78,4.89,4.91,4.81,5.0,4.96,Consistently delivers high-quality work with clear communication and strong ownership.,Internee.pk Mentor,2026-06
TSK0604,INT001,Sajid Ali,Data Analytics,Sales Performance Analysis,Presentation,2026-06-12,2026-06-18,2026-06-17,Completed,6,4.9,1,5.0,5.0,4.9,4.66,4.9,5.0,4.74,Strong technical execution with thoughtful documentation and proactive mentor updates.,Internee.pk Mentor,2026-06
TSK0605,INT002,Ayesha Khan,Power BI & BI,Recruitment BI Report,Automation,2026-06-08,2026-06-15,2026-06-14,Completed,7,5.6,1,3.92,3.91,3.74,3.93,3.52,3.93,3.82,Solid work with opportunities to improve prioritization and final presentation quality.,Mentor – Business Intelligence,2026-06
TSK0606,INT002,Ayesha Khan,Power BI & BI,Operations Scorecard,Cleaning,2026-06-15,2026-06-19,2026-06-19,Completed,4,3.6,1,3.78,3.82,3.99,3.81,3.98,3.68,3.9,Meets expectations; focus on stronger documentation and more consistent timeliness.,Mentor – Business Intelligence,2026-06
TSK0607,INT002,Ayesha Khan,Power BI & BI,Power BI Storytelling,Validation,2026-06-04,2026-06-09,,Overdue,5,,,,,,,,,,Task remains open and should be reviewed in the next mentor checkpoint.,Mentor – Business Intelligence,2026-06
TSK0608,INT002,Ayesha Khan,Power BI & BI,Executive KPI Dashboard,Analysis,2026-06-11,2026-06-13,,Overdue,2,,,,,,,,,,Task remains open and should be reviewed in the next mentor checkpoint.,Mentor – Business Intelligence,2026-06
TSK0609,INT003,Rehan Mehta,Machine Learning,Feature Engineering Lab,Research,2026-06-19,2026-06-24,2026-06-23,Completed,5,3.9,1,4.26,4.33,3.96,3.93,4.22,4.25,4.32,Good progress; improve estimation and communicate blockers earlier.,Mentor – Machine Learning,2026-06
TSK0610,INT003,Rehan Mehta,Machine Learning,Model Evaluation,Documentation,2026-06-08,2026-06-10,2026-06-11,Overdue,2,2.1,0,3.65,4.11,4.26,4.19,4.19,4.07,3.54,Solid work with opportunities to improve prioritization and final presentation quality.,Mentor – Machine Learning,2026-06
TSK0611,INT003,Rehan Mehta,Machine Learning,Anomaly Detection Study,Dashboard,2026-06-15,2026-06-20,2026-06-21,Overdue,5,5.2,0,3.85,4.24,3.86,3.97,4.03,4.38,3.81,Solid work with opportunities to improve prioritization and final presentation quality.,Mentor – Machine Learning,2026-06
TSK0612,INT003,Rehan Mehta,Machine Learning,Prediction Benchmark,Presentation,2026-06-04,2026-06-10,2026-06-10,Completed,6,5.2,1,4.33,4.31,4.24,4.07,4.34,4.36,4.46,Good progress; improve estimation and communicate blockers earlier.,Mentor – Machine Learning,2026-06
TSK0613,INT004,Zainab Fatima,Web Development,Analytics Portal,Automation,2026-06-16,2026-06-21,2026-06-20,Completed,5,4.0,1,3.45,3.36,3.32,3.16,3.83,3.39,3.48,Quality is improving; additional review before submission is recommended.,Mentor – Web Development,2026-06
TSK0614,INT004,Zainab Fatima,Web Development,Form Validation App,Cleaning,2026-06-05,2026-06-12,,Overdue,7,,,,,,,,,,Task remains open and should be reviewed in the next mentor checkpoint.,Mentor – Web Development,2026-06
TSK0615,INT004,Zainab Fatima,Web Development,Dashboard Frontend,Validation,2026-06-12,2026-06-16,2026-06-17,Overdue,4,4.3,0,3.15,3.59,3.21,3.22,3.79,3.51,3.05,Quality is improving; additional review before submission is recommended.,Mentor – Web Development,2026-06
TSK0616,INT004,Zainab Fatima,Web Development,Responsive Portfolio,Analysis,2026-06-19,2026-06-22,2026-06-22,Completed,3,2.2,1,3.76,3.79,3.25,3.69,3.33,3.41,3.67,Needs closer deadline management and more frequent mentor check-ins.,Mentor – Web Development,2026-06
TSK0617,INT005,Arjun Singh,Business Analysis,Requirements Matrix,Research,2026-06-15,2026-06-18,2026-06-18,Completed,3,2.8,1,4.1,3.91,3.79,3.93,3.84,3.78,4.05,Good progress; improve estimation and communicate blockers earlier.,Mentor – Business Analysis,2026-06
TSK0618,INT005,Arjun Singh,Business Analysis,Stakeholder Analysis,Documentation,2026-06-04,2026-06-09,2026-06-10,Overdue,5,5.6,0,3.87,3.77,4.09,3.89,3.97,3.94,3.22,Solid work with opportunities to improve prioritization and final presentation quality.,Mentor – Business Analysis,2026-06
TSK0619,INT005,Arjun Singh,Business Analysis,Business Case Study,Dashboard,2026-06-11,2026-06-14,2026-06-14,Completed,3,2.9,1,4.14,3.88,3.78,3.86,3.78,3.7,3.68,Solid work with opportunities to improve prioritization and final presentation quality.,Mentor – Business Analysis,2026-06
TSK0620,INT005,Arjun Singh,Business Analysis,Process Gap Review,Presentation,2026-06-18,2026-06-25,2026-06-25,Completed,7,6.3,1,3.92,3.81,3.92,3.93,3.56,3.94,3.9,Solid work with opportunities to improve prioritization and final presentation quality.,Mentor – Business Analysis,2026-06
TSK0621,INT006,Hira Memon,IT Support,Asset Audit,Automation,2026-06-14,2026-06-17,2026-06-16,Completed,3,2.0,1,4.27,4.5,4.17,3.99,4.28,4.01,4.27,Solid work with opportunities to improve prioritization and final presentation quality.,Mentor – IT Support,2026-06
TSK0622,INT006,Hira Memon,IT Support,System Health Review,Cleaning,2026-06-03,2026-06-09,2026-06-10,Overdue,6,6.2,0,4.22,4.52,4.24,4.3,4.39,4.5,3.46,Meets expectations; focus on stronger documentation and more consistent timeliness.,Mentor – IT Support,2026-06
TSK0623,INT006,Hira Memon,IT Support,Knowledge Base Project,Validation,2026-06-10,2026-06-12,2026-06-12,Completed,2,1.7,1,4.21,4.32,4.3,4.28,4.44,4.08,4.28,Good progress; improve estimation and communicate blockers earlier.,Mentor – IT Support,2026-06
TSK0624,INT006,Hira Memon,IT Support,Support Ticket Analysis,Analysis,2026-06-17,2026-06-22,2026-06-20,Completed,5,2.9,1,4.32,4.39,4.19,4.08,4.33,4.14,4.39,Solid work with opportunities to improve prioritization and final presentation quality.,Mentor – IT Support,2026-06
TSK0625,INT007,Hamza Ahmed,Data Analytics,Internship Funnel Analysis,Research,2026-06-07,2026-06-10,2026-06-10,Completed,3,2.8,1,3.59,3.44,3.28,3.35,3.35,3.04,3.89,"Focus on task planning, validation steps, and clearer progress updates.",Mentor – Data Analytics,2026-06
TSK0626,INT007,Hamza Ahmed,Data Analytics,Data Quality Review,Documentation,2026-06-14,2026-06-20,,Overdue,6,,,,,,,,,,Task remains open and should be reviewed in the next mentor checkpoint.,Mentor – Data Analytics,2026-06
TSK0627,INT007,Hamza Ahmed,Data Analytics,Executive Analytics Report,Dashboard,2026-06-03,2026-06-08,2026-06-09,Overdue,5,5.6,0,3.69,3.55,3.51,3.52,3.45,3.5,2.96,Needs closer deadline management and more frequent mentor check-ins.,Mentor – Data Analytics,2026-06
TSK0628,INT007,Hamza Ahmed,Data Analytics,Sales Performance Analysis,Presentation,2026-06-10,2026-06-16,2026-06-17,Overdue,6,6.2,0,3.43,3.13,3.36,3.65,3.45,3.47,2.9,Quality is improving; additional review before submission is recommended.,Mentor – Data Analytics,2026-06
TSK0629,INT008,Mariam Baloch,Power BI & BI,Recruitment BI Report,Automation,2026-06-03,2026-06-08,2026-06-07,Completed,5,3.5,1,3.85,3.8,3.62,3.67,3.93,3.71,3.98,Good progress; improve estimation and communicate blockers earlier.,Mentor – Business Intelligence,2026-06
TSK0630,INT008,Mariam Baloch,Power BI & BI,Operations Scorecard,Cleaning,2026-06-10,2026-06-17,2026-06-17,Completed,7,6.8,1,3.82,3.88,3.89,3.7,4.01,3.77,3.8,Meets expectations; focus on stronger documentation and more consistent timeliness.,Mentor – Business Intelligence,2026-06
TSK0631,INT008,Mariam Baloch,Power BI & BI,Power BI Storytelling,Validation,2026-06-17,2026-06-19,2026-06-20,Overdue,2,2.2,0,4.1,3.56,3.76,3.88,3.78,3.88,3.22,Meets expectations; focus on stronger documentation and more consistent timeliness.,Mentor – Business Intelligence,2026-06
TSK0632,INT008,Mariam Baloch,Power BI & BI,Executive KPI Dashboard,Analysis,2026-06-06,2026-06-08,2026-06-08,Completed,2,1.9,1,3.78,3.98,3.7,3.65,3.62,3.69,4.06,Meets expectations; focus on stronger documentation and more consistent timeliness.,Mentor – Business Intelligence,2026-06
TSK0633,INT009,Ali Shah,Machine Learning,Feature Engineering Lab,Research,2026-06-08,2026-06-11,,Overdue,3,,,,,,,,,,Task remains open and should be reviewed in the next mentor checkpoint.,Mentor – Machine Learning,2026-06
TSK0634,INT009,Ali Shah,Machine Learning,Model Evaluation,Documentation,2026-06-15,2026-06-18,2026-06-18,Completed,3,2.3,1,4.18,4.05,4.33,3.67,4.26,4.34,4.22,Meets expectations; focus on stronger documentation and more consistent timeliness.,Mentor – Machine Learning,2026-06
TSK0635,INT009,Ali Shah,Machine Learning,Anomaly Detection Study,Dashboard,2026-06-04,2026-06-07,2026-06-08,Overdue,3,3.3,0,4.45,4.28,4.41,3.83,4.15,4.3,3.83,Meets expectations; focus on stronger documentation and more consistent timeliness.,Mentor – Machine Learning,2026-06
TSK0636,INT009,Ali Shah,Machine Learning,Prediction Benchmark,Presentation,2026-06-11,2026-06-16,,Overdue,5,,,,,,,,,,Task remains open and should be reviewed in the next mentor checkpoint.,Mentor – Machine Learning,2026-06
TSK0637,INT010,Neha Hussain,Web Development,Analytics Portal,Automation,2026-06-16,2026-06-21,2026-06-23,Overdue,5,6.5,0,3.23,3.82,3.17,3.73,3.02,3.29,3.23,Needs closer deadline management and more frequent mentor check-ins.,Mentor – Web Development,2026-06
TSK0638,INT010,Neha Hussain,Web Development,Form Validation App,Cleaning,2026-06-05,2026-06-10,2026-06-11,Overdue,5,5.3,0,3.42,3.57,3.7,3.56,3.72,3.9,3.26,Quality is improving; additional review before submission is recommended.,Mentor – Web Development,2026-06
TSK0639,INT010,Neha Hussain,Web Development,Dashboard Frontend,Validation,2026-06-12,2026-06-19,,Overdue,7,,,,,,,,,,Task remains open and should be reviewed in the next mentor checkpoint.,Mentor – Web Development,2026-06
TSK0640,INT010,Neha Hussain,Web Development,Responsive Portfolio,Analysis,2026-06-19,2026-06-26,2026-06-25,Completed,7,5.8,1,3.75,3.52,3.51,3.17,3.36,3.58,3.52,Needs closer deadline management and more frequent mentor check-ins.,Mentor – Web Development,2026-06
TSK0641,INT011,Sara Malik,Business Analysis,Requirements Matrix,Research,2026-06-10,2026-06-13,,Overdue,3,,,,,,,,,,Task remains open and should be reviewed in the next mentor checkpoint.,Mentor – Business Analysis,2026-06
TSK0642,INT011,Sara Malik,Business Analysis,Stakeholder Analysis,Documentation,2026-06-17,2026-06-23,2026-06-22,Completed,6,4.3,1,3.82,4.06,4.17,3.38,3.84,3.81,3.87,Good progress; improve estimation and communicate blockers earlier.,Mentor – Business Analysis,2026-06
TSK0643,INT011,Sara Malik,Business Analysis,Business Case Study,Dashboard,2026-06-06,2026-06-12,2026-06-13,Overdue,6,6.4,0,4.06,3.43,3.5,3.78,3.84,3.81,3.52,Meets expectations; focus on stronger documentation and more consistent timeliness.,Mentor – Business Analysis,2026-06
TSK0644,INT011,Sara Malik,Business Analysis,Process Gap Review,Presentation,2026-06-13,2026-06-18,2026-06-19,Overdue,5,5.1,0,3.21,3.62,3.41,3.89,4.1,3.92,3.73,Solid work with opportunities to improve prioritization and final presentation quality.,Mentor – Business Analysis,2026-06
TSK0645,INT012,Usman Ali,IT Support,Asset Audit,Automation,2026-06-06,2026-06-09,2026-06-11,Overdue,3,4.1,0,3.78,4.03,4.5,3.9,3.97,3.91,3.83,Good progress; improve estimation and communicate blockers earlier.,Mentor – IT Support,2026-06
TSK0646,INT012,Usman Ali,IT Support,System Health Review,Cleaning,2026-06-13,2026-06-17,2026-06-18,Overdue,4,4.1,0,4.77,4.17,4.06,4.22,4.13,3.92,3.71,Solid work with opportunities to improve prioritization and final presentation quality.,Mentor – IT Support,2026-06
TSK0647,INT012,Usman Ali,IT Support,Knowledge Base Project,Validation,2026-06-20,2026-06-24,2026-06-24,Completed,4,3.4,1,4.04,4.02,4.17,4.02,3.88,4.43,4.37,Solid work with opportunities to improve prioritization and final presentation quality.,Mentor – IT Support,2026-06
TSK0648,INT012,Usman Ali,IT Support,Support Ticket Analysis,Analysis,2026-06-09,2026-06-14,2026-06-12,Completed,5,2.9,1,4.01,4.35,4.38,3.93,4.17,4.05,4.21,Solid work with opportunities to improve prioritization and final presentation quality.,Mentor – IT Support,2026-06
TSK0649,INT013,Fatima Noor,Data Analytics,Internship Funnel Analysis,Research,2026-06-04,2026-06-10,2026-06-11,Overdue,6,6.9,0,3.23,3.59,3.73,3.6,3.56,3.25,3.19,"Focus on task planning, validation steps, and clearer progress updates.",Mentor – Data Analytics,2026-06
TSK0650,INT013,Fatima Noor,Data Analytics,Data Quality Review,Documentation,2026-06-11,2026-06-17,,Overdue,6,,,,,,,,,,Task remains open and should be reviewed in the next mentor checkpoint.,Mentor – Data Analytics,2026-06
TSK0651,INT013,Fatima Noor,Data Analytics,Executive Analytics Report,Dashboard,2026-06-18,2026-06-20,2026-06-21,Overdue,2,2.3,0,3.41,3.72,3.58,3.34,3.31,3.34,3.0,Needs closer deadline management and more frequent mentor check-ins.,Mentor – Data Analytics,2026-06
TSK0652,INT013,Fatima Noor,Data Analytics,Sales Performance Analysis,Presentation,2026-06-07,2026-06-11,2026-06-11,Completed,4,3.7,1,3.28,3.73,3.34,3.48,3.16,3.83,3.84,"Focus on task planning, validation steps, and clearer progress updates.",Mentor – Data Analytics,2026-06
TSK0653,INT014,Bilal Shaikh,Power BI & BI,Recruitment BI Report,Automation,2026-06-10,2026-06-16,2026-06-17,Overdue,6,6.7,0,3.62,3.45,3.78,4.13,4.07,3.9,3.39,Meets expectations; focus on stronger documentation and more consistent timeliness.,Mentor – Business Intelligence,2026-06
TSK0654,INT014,Bilal Shaikh,Power BI & BI,Operations Scorecard,Cleaning,2026-06-17,2026-06-21,2026-06-21,Completed,4,3.1,1,3.8,3.8,4.07,4.01,4.05,3.72,3.8,Good progress; improve estimation and communicate blockers earlier.,Mentor – Business Intelligence,2026-06
TSK0655,INT014,Bilal Shaikh,Power BI & BI,Power BI Storytelling,Validation,2026-06-06,2026-06-11,2026-06-12,Overdue,5,5.6,0,3.9,3.79,3.64,3.68,3.78,3.8,3.39,Solid work with opportunities to improve prioritization and final presentation quality.,Mentor – Business Intelligence,2026-06
TSK0656,INT014,Bilal Shaikh,Power BI & BI,Executive KPI Dashboard,Analysis,2026-06-13,2026-06-18,2026-06-18,Completed,5,4.6,1,3.57,4.08,4.08,3.45,3.93,4.08,4.14,Solid work with opportunities to improve prioritization and final presentation quality.,Mentor – Business Intelligence,2026-06
TSK0657,INT015,Iqra Khan,Machine Learning,Feature Engineering Lab,Research,2026-06-03,2026-06-05,2026-06-05,Completed,2,1.9,1,4.06,4.03,4.4,4.35,4.0,4.57,4.15,Good progress; improve estimation and communicate blockers earlier.,Mentor – Machine Learning,2026-06
TSK0658,INT015,Iqra Khan,Machine Learning,Model Evaluation,Documentation,2026-06-10,2026-06-15,2026-06-15,Completed,5,4.6,1,4.28,4.1,4.46,4.27,4.4,4.19,4.16,Solid work with opportunities to improve prioritization and final presentation quality.,Mentor – Machine Learning,2026-06
TSK0659,INT015,Iqra Khan,Machine Learning,Anomaly Detection Study,Dashboard,2026-06-17,2026-06-20,2026-06-21,Overdue,3,3.7,0,4.42,4.23,4.34,3.97,4.25,4.29,3.63,Meets expectations; focus on stronger documentation and more consistent timeliness.,Mentor – Machine Learning,2026-06
TSK0660,INT015,Iqra Khan,Machine Learning,Prediction Benchmark,Presentation,2026-06-06,2026-06-13,2026-06-13,Completed,7,7.0,1,4.24,4.27,3.93,4.43,4.59,4.2,4.36,Solid work with opportunities to improve prioritization and final presentation quality.,Mentor – Machine Learning,2026-06
TSK0661,INT016,Danish Raza,Web Development,Analytics Portal,Automation,2026-06-12,2026-06-15,2026-06-15,Completed,3,2.9,1,3.81,3.55,3.62,3.43,3.24,3.3,3.83,Needs closer deadline management and more frequent mentor check-ins.,Mentor – Web Development,2026-06
TSK0662,INT016,Danish Raza,Web Development,Form Validation App,Cleaning,2026-06-19,2026-06-26,2026-06-25,Completed,7,5.1,1,3.77,3.48,3.34,3.14,3.68,3.4,3.51,Quality is improving; additional review before submission is recommended.,Mentor – Web Development,2026-06
TSK0663,INT016,Danish Raza,Web Development,Dashboard Frontend,Validation,2026-06-08,2026-06-14,2026-06-15,Overdue,6,6.4,0,3.48,3.38,3.58,3.28,3.67,3.33,3.23,"Focus on task planning, validation steps, and clearer progress updates.",Mentor – Web Development,2026-06
TSK0664,INT016,Danish Raza,Web Development,Responsive Portfolio,Analysis,2026-06-15,2026-06-22,2026-06-23,Overdue,7,7.9,0,3.32,3.35,3.65,3.42,3.56,3.54,3.0,Quality is improving; additional review before submission is recommended.,Mentor – Web Development,2026-06
TSK0665,INT017,Zoya Malik,Business Analysis,Requirements Matrix,Research,2026-06-06,2026-06-09,2026-06-09,Completed,3,2.8,1,3.95,3.99,4.03,3.76,4.04,3.58,3.95,Good progress; improve estimation and communicate blockers earlier.,Mentor – Business Analysis,2026-06
TSK0666,INT017,Zoya Malik,Business Analysis,Stakeholder Analysis,Documentation,2026-06-13,2026-06-16,2026-06-17,Overdue,3,3.7,0,4.1,3.95,4.1,3.95,4.08,3.81,3.42,Solid work with opportunities to improve prioritization and final presentation quality.,Mentor – Business Analysis,2026-06
TSK0667,INT017,Zoya Malik,Business Analysis,Business Case Study,Dashboard,2026-06-20,2026-06-26,2026-06-25,Completed,6,4.6,1,4.16,4.11,3.74,4.08,3.84,3.62,3.97,Good progress; improve estimation and communicate blockers earlier.,Mentor – Business Analysis,2026-06
TSK0668,INT017,Zoya Malik,Business Analysis,Process Gap Review,Presentation,2026-06-09,2026-06-14,2026-06-15,Overdue,5,5.3,0,3.69,3.78,3.64,4.05,3.66,3.67,3.36,Good progress; improve estimation and communicate blockers earlier.,Mentor – Business Analysis,2026-06
TSK0669,INT018,Fahad Ali,IT Support,Asset Audit,Automation,2026-06-15,2026-06-20,2026-06-19,Completed,5,3.8,1,4.17,4.09,4.45,4.03,3.98,4.15,4.35,Meets expectations; focus on stronger documentation and more consistent timeliness.,Mentor – IT Support,2026-06
TSK0670,INT018,Fahad Ali,IT Support,System Health Review,Cleaning,2026-06-04,2026-06-11,2026-06-10,Completed,7,5.7,1,4.51,4.4,4.22,4.18,4.22,4.34,4.56,Good progress; improve estimation and communicate blockers earlier.,Mentor – IT Support,2026-06
TSK0671,INT018,Fahad Ali,IT Support,Knowledge Base Project,Validation,2026-06-11,2026-06-17,2026-06-15,Completed,6,3.5,1,4.16,4.35,4.2,3.86,4.22,4.3,4.42,Meets expectations; focus on stronger documentation and more consistent timeliness.,Mentor – IT Support,2026-06
TSK0672,INT018,Fahad Ali,IT Support,Support Ticket Analysis,Analysis,2026-06-18,2026-06-20,2026-06-20,Completed,2,1.6,1,4.41,4.46,4.23,4.19,4.06,3.93,4.44,Meets expectations; focus on stronger documentation and more consistent timeliness.,Mentor – IT Support,2026-06
TSK0673,INT019,Sana Noor,Data Analytics,Internship Funnel Analysis,Research,2026-06-14,2026-06-17,,Overdue,3,,,,,,,,,,Task remains open and should be reviewed in the next mentor checkpoint.,Mentor – Data Analytics,2026-06
TSK0674,INT019,Sana Noor,Data Analytics,Data Quality Review,Documentation,2026-06-03,2026-06-08,2026-06-08,Completed,5,4.7,1,3.64,3.67,3.71,3.35,3.23,3.92,3.76,"Focus on task planning, validation steps, and clearer progress updates.",Mentor – Data Analytics,2026-06
TSK0675,INT019,Sana Noor,Data Analytics,Executive Analytics Report,Dashboard,2026-06-10,2026-06-16,2026-06-18,Overdue,6,7.4,0,3.55,3.86,3.41,3.32,3.28,3.38,3.14,"Focus on task planning, validation steps, and clearer progress updates.",Mentor – Data Analytics,2026-06
TSK0676,INT019,Sana Noor,Data Analytics,Sales Performance Analysis,Presentation,2026-06-17,2026-06-22,2026-06-23,Overdue,5,6.0,0,3.77,3.28,3.62,3.56,3.79,3.61,3.2,Needs closer deadline management and more frequent mentor check-ins.,Mentor – Data Analytics,2026-06
TSK0677,INT020,Adeel Ahmed,Power BI & BI,Recruitment BI Report,Automation,2026-06-13,2026-06-18,2026-06-19,Overdue,5,5.9,0,3.57,3.59,4.04,4.11,4.03,3.84,3.36,Good progress; improve estimation and communicate blockers earlier.,Mentor – Business Intelligence,2026-06
TSK0678,INT020,Adeel Ahmed,Power BI & BI,Operations Scorecard,Cleaning,2026-06-20,2026-06-27,2026-06-29,Overdue,7,8.9,0,3.69,3.71,3.53,3.64,4.22,4.19,3.4,Meets expectations; focus on stronger documentation and more consistent timeliness.,Mentor – Business Intelligence,2026-06
TSK0679,INT020,Adeel Ahmed,Power BI & BI,Power BI Storytelling,Validation,2026-06-09,2026-06-13,2026-06-12,Completed,4,2.9,1,3.96,3.72,3.79,3.92,3.77,3.71,4.03,Solid work with opportunities to improve prioritization and final presentation quality.,Mentor – Business Intelligence,2026-06
TSK0680,INT020,Adeel Ahmed,Power BI & BI,Executive KPI Dashboard,Analysis,2026-06-16,2026-06-18,2026-06-18,Completed,2,1.8,1,3.7,3.75,4.06,3.77,4.13,3.77,4.15,Meets expectations; focus on stronger documentation and more consistent timeliness.,Mentor – Business Intelligence,2026-06
TSK0681,INT021,Mahnoor Baloch,Machine Learning,Feature Engineering Lab,Research,2026-06-06,2026-06-11,2026-06-11,Completed,5,4.1,1,4.73,4.67,4.18,4.58,3.86,3.88,4.21,Meets expectations; focus on stronger documentation and more consistent timeliness.,Mentor – Machine Learning,2026-06
TSK0682,INT021,Mahnoor Baloch,Machine Learning,Model Evaluation,Documentation,2026-06-13,2026-06-20,2026-06-20,Completed,7,6.3,1,4.21,4.47,4.37,4.18,4.25,4.12,4.58,Solid work with opportunities to improve prioritization and final presentation quality.,Mentor – Machine Learning,2026-06
TSK0683,INT021,Mahnoor Baloch,Machine Learning,Anomaly Detection Study,Dashboard,2026-06-20,2026-06-22,2026-06-23,Overdue,2,2.2,0,4.01,4.16,4.09,4.02,4.04,4.61,3.81,Meets expectations; focus on stronger documentation and more consistent timeliness.,Mentor – Machine Learning,2026-06
TSK0684,INT021,Mahnoor Baloch,Machine Learning,Prediction Benchmark,Presentation,2026-06-09,2026-06-16,2026-06-17,Overdue,7,7.6,0,4.13,4.09,4.26,4.3,4.35,3.99,3.69,Good progress; improve estimation and communicate blockers earlier.,Mentor – Machine Learning,2026-06
TSK0685,INT022,Saad Shah,Web Development,Analytics Portal,Automation,2026-06-05,2026-06-11,2026-06-12,Overdue,6,6.4,0,3.48,3.51,3.36,3.28,3.43,3.53,3.22,"Focus on task planning, validation steps, and clearer progress updates.",Mentor – Web Development,2026-06
TSK0686,INT022,Saad Shah,Web Development,Form Validation App,Cleaning,2026-06-12,2026-06-16,2026-06-17,Overdue,4,4.8,0,3.48,3.43,3.43,4.03,3.47,3.72,2.85,Needs closer deadline management and more frequent mentor check-ins.,Mentor – Web Development,2026-06
TSK0687,INT022,Saad Shah,Web Development,Dashboard Frontend,Validation,2026-06-19,2026-06-26,2026-06-26,Completed,7,6.6,1,3.8,3.62,3.77,3.66,3.59,3.5,3.5,Needs closer deadline management and more frequent mentor check-ins.,Mentor – Web Development,2026-06
TSK0688,INT022,Saad Shah,Web Development,Responsive Portfolio,Analysis,2026-06-08,2026-06-14,2026-06-13,Completed,6,5.0,1,3.54,3.23,3.92,3.86,3.63,3.69,3.93,Good progress; improve estimation and communicate blockers earlier.,Mentor – Web Development,2026-06
TSK0689,INT023,Rida Memon,Business Analysis,Requirements Matrix,Research,2026-06-15,2026-06-22,2026-06-22,Completed,7,6.8,1,4.08,3.79,3.7,3.84,4.16,4.09,4.12,Good progress; improve estimation and communicate blockers earlier.,Mentor – Business Analysis,2026-06
TSK0690,INT023,Rida Memon,Business Analysis,Stakeholder Analysis,Documentation,2026-06-04,2026-06-10,2026-06-09,Completed,6,4.6,1,4.61,3.89,3.99,4.02,3.55,4.28,4.05,Solid work with opportunities to improve prioritization and final presentation quality.,Mentor – Business Analysis,2026-06
TSK0691,INT023,Rida Memon,Business Analysis,Business Case Study,Dashboard,2026-06-11,2026-06-18,2026-06-18,Completed,7,6.4,1,3.42,3.99,3.67,4.12,3.79,3.81,4.16,Good progress; improve estimation and communicate blockers earlier.,Mentor – Business Analysis,2026-06
TSK0692,INT023,Rida Memon,Business Analysis,Process Gap Review,Presentation,2026-06-18,2026-06-25,2026-06-25,Completed,7,6.7,1,4.26,3.86,3.87,3.91,3.6,3.46,4.19,Solid work with opportunities to improve prioritization and final presentation quality.,Mentor – Business Analysis,2026-06
TSK0693,INT024,Hassan Shaikh,IT Support,Asset Audit,Automation,2026-06-19,2026-06-25,2026-06-25,Completed,6,5.9,1,4.03,4.4,4.29,4.24,4.32,3.8,4.42,Solid work with opportunities to improve prioritization and final presentation quality.,Mentor – IT Support,2026-06
TSK0694,INT024,Hassan Shaikh,IT Support,System Health Review,Cleaning,2026-06-08,2026-06-14,2026-06-15,Overdue,6,6.1,0,4.4,4.03,4.21,4.01,4.14,4.07,3.69,Solid work with opportunities to improve prioritization and final presentation quality.,Mentor – IT Support,2026-06
TSK0695,INT024,Hassan Shaikh,IT Support,Knowledge Base Project,Validation,2026-06-15,2026-06-18,2026-06-18,Completed,3,3.0,1,4.35,4.53,4.44,4.19,4.26,4.75,4.49,Meets expectations; focus on stronger documentation and more consistent timeliness.,Mentor – IT Support,2026-06
TSK0696,INT024,Hassan Shaikh,IT Support,Support Ticket Analysis,Analysis,2026-06-04,2026-06-08,2026-06-08,Completed,4,3.3,1,3.93,3.99,4.58,4.44,3.96,4.4,4.35,Meets expectations; focus on stronger documentation and more consistent timeliness.,Mentor – IT Support,2026-06
TSK0697,INT025,Anum Hussain,Data Analytics,Internship Funnel Analysis,Research,2026-06-15,2026-06-21,2026-06-22,Overdue,6,6.1,0,3.29,3.53,3.49,3.53,3.32,3.67,3.11,Needs closer deadline management and more frequent mentor check-ins.,Mentor – Data Analytics,2026-06
TSK0698,INT025,Anum Hussain,Data Analytics,Data Quality Review,Documentation,2026-06-04,2026-06-07,2026-06-07,Completed,3,2.8,1,3.48,3.22,3.41,3.36,3.36,3.74,3.7,"Focus on task planning, validation steps, and clearer progress updates.",Mentor – Data Analytics,2026-06
TSK0699,INT025,Anum Hussain,Data Analytics,Executive Analytics Report,Dashboard,2026-06-11,2026-06-13,2026-06-14,Overdue,2,2.2,0,3.48,3.19,3.49,3.17,3.97,3.42,3.17,Quality is improving; additional review before submission is recommended.,Mentor – Data Analytics,2026-06
TSK0700,INT025,Anum Hussain,Data Analytics,Sales Performance Analysis,Presentation,2026-06-18,2026-06-24,2026-06-23,Completed,6,4.9,1,3.65,3.94,3.61,3.58,3.96,3.32,3.7,Solid work with opportunities to improve prioritization and final presentation quality.,Mentor – Data Analytics,2026-06
TSK0701,INT026,Farhan Qureshi,Power BI & BI,Recruitment BI Report,Automation,2026-06-10,2026-06-16,2026-06-16,Completed,6,5.6,1,4.25,3.99,3.63,3.87,4.01,3.9,4.04,Meets expectations; focus on stronger documentation and more consistent timeliness.,Mentor – Business Intelligence,2026-06
TSK0702,INT026,Farhan Qureshi,Power BI & BI,Operations Scorecard,Cleaning,2026-06-17,2026-06-22,,Overdue,5,,,,,,,,,,Task remains open and should be reviewed in the next mentor checkpoint.,Mentor – Business Intelligence,2026-06
TSK0703,INT026,Farhan Qureshi,Power BI & BI,Power BI Storytelling,Validation,2026-06-06,2026-06-11,2026-06-12,Overdue,5,5.5,0,3.75,3.73,3.88,3.62,4.05,3.86,3.44,Solid work with opportunities to improve prioritization and final presentation quality.,Mentor – Business Intelligence,2026-06
TSK0704,INT026,Farhan Qureshi,Power BI & BI,Executive KPI Dashboard,Analysis,2026-06-13,2026-06-18,2026-06-17,Completed,5,3.8,1,4.21,3.85,3.71,4.08,3.94,3.77,4.39,Meets expectations; focus on stronger documentation and more consistent timeliness.,Mentor – Business Intelligence,2026-06
TSK0705,INT027,Mehak Khan,Machine Learning,Feature Engineering Lab,Research,2026-06-19,2026-06-23,2026-06-23,Completed,4,3.4,1,4.42,4.39,4.12,4.66,4.38,3.99,4.45,Good progress; improve estimation and communicate blockers earlier.,Mentor – Machine Learning,2026-06
TSK0706,INT027,Mehak Khan,Machine Learning,Model Evaluation,Documentation,2026-06-08,2026-06-13,2026-06-13,Completed,5,4.4,1,4.4,4.55,4.61,4.29,4.35,4.7,4.43,Strong technical execution with thoughtful documentation and proactive mentor updates.,Mentor – Machine Learning,2026-06
TSK0707,INT027,Mehak Khan,Machine Learning,Anomaly Detection Study,Dashboard,2026-06-15,2026-06-21,2026-06-21,Completed,6,5.6,1,4.44,4.12,4.41,3.85,4.43,4.54,4.54,Good progress; improve estimation and communicate blockers earlier.,Mentor – Machine Learning,2026-06
TSK0708,INT027,Mehak Khan,Machine Learning,Prediction Benchmark,Presentation,2026-06-04,2026-06-11,2026-06-09,Completed,7,4.1,1,3.9,4.41,4.17,3.65,4.37,4.43,4.54,Good progress; improve estimation and communicate blockers earlier.,Mentor – Machine Learning,2026-06
TSK0709,INT028,Taha Raza,Web Development,Analytics Portal,Automation,2026-06-11,2026-06-17,2026-06-18,Overdue,6,6.2,0,3.89,3.56,3.45,3.26,3.53,3.58,3.1,"Focus on task planning, validation steps, and clearer progress updates.",Mentor – Web Development,2026-06
TSK0710,INT028,Taha Raza,Web Development,Form Validation App,Cleaning,2026-06-18,2026-06-24,2026-06-25,Overdue,6,6.1,0,3.63,3.2,3.48,3.73,3.46,3.57,3.25,"Focus on task planning, validation steps, and clearer progress updates.",Mentor – Web Development,2026-06
TSK0711,INT028,Taha Raza,Web Development,Dashboard Frontend,Validation,2026-06-07,2026-06-12,,Overdue,5,,,,,,,,,,Task remains open and should be reviewed in the next mentor checkpoint.,Mentor – Web Development,2026-06
TSK0712,INT028,Taha Raza,Web Development,Responsive Portfolio,Analysis,2026-06-14,2026-06-19,2026-06-20,Overdue,5,6.0,0,3.43,3.7,4.02,3.73,3.67,3.14,3.04,"Focus on task planning, validation steps, and clearer progress updates.",Mentor – Web Development,2026-06
TSK0713,INT029,Nimra Malik,Business Analysis,Requirements Matrix,Research,2026-06-15,2026-06-17,2026-06-17,Completed,2,1.5,1,4.11,3.94,3.88,3.64,3.77,4.02,4.15,Good progress; improve estimation and communicate blockers earlier.,Mentor – Business Analysis,2026-06
TSK0714,INT029,Nimra Malik,Business Analysis,Stakeholder Analysis,Documentation,2026-06-04,2026-06-11,2026-06-11,Completed,7,6.6,1,4.09,4.04,4.03,3.66,3.94,3.53,3.75,Solid work with opportunities to improve prioritization and final presentation quality.,Mentor – Business Analysis,2026-06
TSK0715,INT029,Nimra Malik,Business Analysis,Business Case Study,Dashboard,2026-06-11,2026-06-16,2026-06-17,Overdue,5,5.3,0,3.37,4.08,3.85,3.89,3.7,3.44,3.77,Good progress; improve estimation and communicate blockers earlier.,Mentor – Business Analysis,2026-06
TSK0716,INT029,Nimra Malik,Business Analysis,Process Gap Review,Presentation,2026-06-18,2026-06-21,,Overdue,3,,,,,,,,,,Task remains open and should be reviewed in the next mentor checkpoint.,Mentor – Business Analysis,2026-06
TSK0717,INT030,Arham Ahmed,IT Support,Asset Audit,Automation,2026-06-10,2026-06-12,2026-06-12,Completed,2,1.7,1,4.4,4.28,4.18,4.72,4.22,4.38,4.26,Solid work with opportunities to improve prioritization and final presentation quality.,Mentor – IT Support,2026-06
TSK0718,INT030,Arham Ahmed,IT Support,System Health Review,Cleaning,2026-06-17,2026-06-20,2026-06-20,Completed,3,2.8,1,4.2,4.43,4.1,4.24,3.87,4.48,4.33,Meets expectations; focus on stronger documentation and more consistent timeliness.,Mentor – IT Support,2026-06
TSK0719,INT030,Arham Ahmed,IT Support,Knowledge Base Project,Validation,2026-06-06,2026-06-10,2026-06-10,Completed,4,4.0,1,3.89,4.07,4.21,3.87,4.23,4.31,4.48,Good progress; improve estimation and communicate blockers earlier.,Mentor – IT Support,2026-06
TSK0720,INT030,Arham Ahmed,IT Support,Support Ticket Analysis,Analysis,2026-06-13,2026-06-20,2026-06-22,Overdue,7,8.6,0,4.03,4.47,4.27,4.59,4.0,4.3,3.97,Solid work with opportunities to improve prioritization and final presentation quality.,Mentor – IT Support,2026-06
TSK0721,INT001,Sajid Ali,Data Analytics,Data Quality Review,Research,2026-07-19,2026-07-26,2026-07-25,Completed,7,5.6,1,5.0,4.83,4.93,4.82,4.93,4.82,5.0,Strong technical execution with thoughtful documentation and proactive mentor updates.,Internee.pk Mentor,2026-07
TSK0722,INT001,Sajid Ali,Data Analytics,Executive Analytics Report,Documentation,2026-07-07,2026-07-12,2026-07-11,Completed,5,4.0,1,5.0,4.94,4.75,4.95,5.0,4.82,5.0,Excellent analytical discipline and dependable delivery against milestones.,Internee.pk Mentor,2026-07
TSK0723,INT001,Sajid Ali,Data Analytics,Sales Performance Analysis,Dashboard,2026-07-14,2026-07-21,2026-07-20,Completed,7,6.0,1,4.96,4.9,4.75,4.95,4.72,4.88,5.0,Excellent analytical discipline and dependable delivery against milestones.,Internee.pk Mentor,2026-07
TSK0724,INT001,Sajid Ali,Data Analytics,Internship Funnel Analysis,Presentation,2026-07-21,2026-07-25,2026-07-25,Completed,4,3.4,1,4.72,4.78,4.75,4.79,4.76,5.0,4.99,Strong technical execution with thoughtful documentation and proactive mentor updates.,Internee.pk Mentor,2026-07
TSK0725,INT002,Ayesha Khan,Power BI & BI,Operations Scorecard,Automation,2026-07-14,2026-07-21,2026-07-20,Completed,7,5.3,1,4.08,3.44,3.84,3.38,3.91,3.88,4.14,Good progress; improve estimation and communicate blockers earlier.,Mentor – Business Intelligence,2026-07
TSK0726,INT002,Ayesha Khan,Power BI & BI,Power BI Storytelling,Cleaning,2026-07-21,2026-07-25,,Overdue,4,,,,,,,,,,Task remains open and should be reviewed in the next mentor checkpoint.,Mentor – Business Intelligence,2026-07
TSK0727,INT002,Ayesha Khan,Power BI & BI,Executive KPI Dashboard,Validation,2026-07-09,2026-07-15,2026-07-14,Completed,6,4.5,1,3.66,3.79,3.68,3.62,3.59,3.74,4.01,Solid work with opportunities to improve prioritization and final presentation quality.,Mentor – Business Intelligence,2026-07
TSK0728,INT002,Ayesha Khan,Power BI & BI,Recruitment BI Report,Analysis,2026-07-16,2026-07-21,2026-07-20,Completed,5,3.1,1,4.15,3.94,3.96,3.52,3.58,3.58,4.0,Good progress; improve estimation and communicate blockers earlier.,Mentor – Business Intelligence,2026-07
TSK0729,INT003,Rehan Mehta,Machine Learning,Model Evaluation,Research,2026-07-11,2026-07-18,2026-07-18,Completed,7,6.5,1,4.17,4.22,4.35,4.16,4.02,4.18,4.28,Meets expectations; focus on stronger documentation and more consistent timeliness.,Mentor – Machine Learning,2026-07
TSK0730,INT003,Rehan Mehta,Machine Learning,Anomaly Detection Study,Documentation,2026-07-18,2026-07-23,2026-07-23,Completed,5,4.8,1,4.33,4.1,4.49,4.46,4.29,4.38,4.58,Good progress; improve estimation and communicate blockers earlier.,Mentor – Machine Learning,2026-07
TSK0731,INT003,Rehan Mehta,Machine Learning,Prediction Benchmark,Dashboard,2026-07-06,2026-07-09,2026-07-09,Completed,3,2.6,1,3.9,4.46,4.05,3.9,4.33,4.25,4.32,Good progress; improve estimation and communicate blockers earlier.,Mentor – Machine Learning,2026-07
TSK0732,INT003,Rehan Mehta,Machine Learning,Feature Engineering Lab,Presentation,2026-07-13,2026-07-15,2026-07-15,Completed,2,1.5,1,4.17,4.18,4.28,4.45,4.26,4.44,4.38,Meets expectations; focus on stronger documentation and more consistent timeliness.,Mentor – Machine Learning,2026-07
TSK0733,INT004,Zainab Fatima,Web Development,Form Validation App,Automation,2026-07-10,2026-07-13,2026-07-14,Overdue,3,3.2,0,3.36,3.52,3.5,3.17,3.53,3.7,2.97,Needs closer deadline management and more frequent mentor check-ins.,Mentor – Web Development,2026-07
TSK0734,INT004,Zainab Fatima,Web Development,Dashboard Frontend,Cleaning,2026-07-17,2026-07-22,2026-07-24,Overdue,5,6.3,0,3.6,3.19,3.88,2.97,3.21,3.48,2.79,Quality is improving; additional review before submission is recommended.,Mentor – Web Development,2026-07
TSK0735,INT004,Zainab Fatima,Web Development,Responsive Portfolio,Validation,2026-07-05,2026-07-08,,Overdue,3,,,,,,,,,,Task remains open and should be reviewed in the next mentor checkpoint.,Mentor – Web Development,2026-07
TSK0736,INT004,Zainab Fatima,Web Development,Analytics Portal,Analysis,2026-07-12,2026-07-15,2026-07-16,Overdue,3,3.4,0,3.39,3.67,3.97,3.39,3.61,3.46,3.03,"Focus on task planning, validation steps, and clearer progress updates.",Mentor – Web Development,2026-07
TSK0737,INT005,Arjun Singh,Business Analysis,Stakeholder Analysis,Research,2026-07-09,2026-07-12,2026-07-12,Completed,3,2.6,1,3.63,4.11,3.53,3.78,3.56,3.51,3.82,Good progress; improve estimation and communicate blockers earlier.,Mentor – Business Analysis,2026-07
TSK0738,INT005,Arjun Singh,Business Analysis,Business Case Study,Documentation,2026-07-16,2026-07-23,2026-07-23,Completed,7,6.1,1,4.17,4.14,3.72,3.76,3.55,3.92,4.2,Good progress; improve estimation and communicate blockers earlier.,Mentor – Business Analysis,2026-07
TSK0739,INT005,Arjun Singh,Business Analysis,Process Gap Review,Dashboard,2026-07-04,2026-07-07,2026-07-08,Overdue,3,3.6,0,3.52,3.79,3.84,4.04,3.8,3.65,3.56,Meets expectations; focus on stronger documentation and more consistent timeliness.,Mentor – Business Analysis,2026-07
TSK0740,INT005,Arjun Singh,Business Analysis,Requirements Matrix,Presentation,2026-07-11,2026-07-16,2026-07-15,Completed,5,3.1,1,3.98,4.1,3.5,3.84,3.64,3.65,3.99,Solid work with opportunities to improve prioritization and final presentation quality.,Mentor – Business Analysis,2026-07
TSK0741,INT006,Hira Memon,IT Support,System Health Review,Automation,2026-07-13,2026-07-20,2026-07-19,Completed,7,5.7,1,4.13,4.25,4.31,4.03,3.91,4.0,4.43,Solid work with opportunities to improve prioritization and final presentation quality.,Mentor – IT Support,2026-07
TSK0742,INT006,Hira Memon,IT Support,Knowledge Base Project,Cleaning,2026-07-20,2026-07-22,2026-07-22,Completed,2,1.7,1,4.2,4.11,4.37,4.29,4.65,3.94,4.2,Meets expectations; focus on stronger documentation and more consistent timeliness.,Mentor – IT Support,2026-07
TSK0743,INT006,Hira Memon,IT Support,Support Ticket Analysis,Validation,2026-07-08,2026-07-11,2026-07-11,Completed,3,2.7,1,4.24,4.31,4.0,4.17,4.3,4.27,4.36,Meets expectations; focus on stronger documentation and more consistent timeliness.,Mentor – IT Support,2026-07
TSK0744,INT006,Hira Memon,IT Support,Asset Audit,Analysis,2026-07-15,2026-07-17,2026-07-17,Completed,2,2.0,1,4.26,4.26,4.33,4.18,3.96,4.53,4.53,Meets expectations; focus on stronger documentation and more consistent timeliness.,Mentor – IT Support,2026-07
TSK0745,INT007,Hamza Ahmed,Data Analytics,Data Quality Review,Research,2026-07-18,2026-07-23,2026-07-22,Completed,5,3.8,1,3.78,3.22,3.36,3.59,3.6,3.4,3.82,Needs closer deadline management and more frequent mentor check-ins.,Mentor – Data Analytics,2026-07
TSK0746,INT007,Hamza Ahmed,Data Analytics,Executive Analytics Report,Documentation,2026-07-06,2026-07-08,2026-07-08,Completed,2,1.3,1,3.23,3.64,3.34,3.16,3.18,3.6,3.75,Quality is improving; additional review before submission is recommended.,Mentor – Data Analytics,2026-07
TSK0747,INT007,Hamza Ahmed,Data Analytics,Sales Performance Analysis,Dashboard,2026-07-13,2026-07-17,2026-07-17,Completed,4,4.0,1,3.69,3.77,3.43,3.04,3.25,3.36,3.53,Quality is improving; additional review before submission is recommended.,Mentor – Data Analytics,2026-07
TSK0748,INT007,Hamza Ahmed,Data Analytics,Internship Funnel Analysis,Presentation,2026-07-20,2026-07-27,2026-07-28,Overdue,7,7.6,0,3.12,3.07,3.69,3.34,3.57,3.44,2.93,Needs closer deadline management and more frequent mentor check-ins.,Mentor – Data Analytics,2026-07
TSK0749,INT008,Mariam Baloch,Power BI & BI,Operations Scorecard,Automation,2026-07-09,2026-07-16,2026-07-16,Completed,7,6.2,1,3.55,3.58,3.81,3.87,3.71,3.71,4.22,Good progress; improve estimation and communicate blockers earlier.,Mentor – Business Intelligence,2026-07
TSK0750,INT008,Mariam Baloch,Power BI & BI,Power BI Storytelling,Cleaning,2026-07-16,2026-07-20,2026-07-21,Overdue,4,4.3,0,3.91,3.99,4.12,3.64,3.75,3.85,3.5,Meets expectations; focus on stronger documentation and more consistent timeliness.,Mentor – Business Intelligence,2026-07
TSK0751,INT008,Mariam Baloch,Power BI & BI,Executive KPI Dashboard,Validation,2026-07-04,2026-07-07,2026-07-07,Completed,3,2.7,1,3.72,4.01,3.7,3.84,3.75,4.28,3.8,Good progress; improve estimation and communicate blockers earlier.,Mentor – Business Intelligence,2026-07
TSK0752,INT008,Mariam Baloch,Power BI & BI,Recruitment BI Report,Analysis,2026-07-11,2026-07-15,2026-07-15,Completed,4,4.0,1,3.78,3.87,3.7,3.74,3.7,3.91,4.12,Meets expectations; focus on stronger documentation and more consistent timeliness.,Mentor – Business Intelligence,2026-07
TSK0753,INT009,Ali Shah,Machine Learning,Model Evaluation,Research,2026-07-13,2026-07-15,2026-07-16,Overdue,2,2.1,0,4.23,3.93,4.13,4.07,4.21,4.14,3.93,Meets expectations; focus on stronger documentation and more consistent timeliness.,Mentor – Machine Learning,2026-07
TSK0754,INT009,Ali Shah,Machine Learning,Anomaly Detection Study,Documentation,2026-07-20,2026-07-25,2026-07-26,Overdue,5,5.6,0,4.36,4.06,4.04,4.48,3.98,3.98,3.68,Meets expectations; focus on stronger documentation and more consistent timeliness.,Mentor – Machine Learning,2026-07
TSK0755,INT009,Ali Shah,Machine Learning,Prediction Benchmark,Dashboard,2026-07-08,2026-07-14,,Overdue,6,,,,,,,,,,Task remains open and should be reviewed in the next mentor checkpoint.,Mentor – Machine Learning,2026-07
TSK0756,INT009,Ali Shah,Machine Learning,Feature Engineering Lab,Presentation,2026-07-15,2026-07-21,2026-07-20,Completed,6,4.9,1,4.14,4.31,4.33,3.87,4.46,4.05,4.28,Meets expectations; focus on stronger documentation and more consistent timeliness.,Mentor – Machine Learning,2026-07
TSK0757,INT010,Neha Hussain,Web Development,Form Validation App,Automation,2026-07-04,2026-07-06,2026-07-07,Overdue,2,2.3,0,3.42,3.43,3.63,3.47,3.51,3.52,3.13,Needs closer deadline management and more frequent mentor check-ins.,Mentor – Web Development,2026-07
TSK0758,INT010,Neha Hussain,Web Development,Dashboard Frontend,Cleaning,2026-07-11,2026-07-18,2026-07-18,Completed,7,7.0,1,3.96,3.38,3.32,3.41,3.31,3.61,3.47,"Focus on task planning, validation steps, and clearer progress updates.",Mentor – Web Development,2026-07
TSK0759,INT010,Neha Hussain,Web Development,Responsive Portfolio,Validation,2026-07-18,2026-07-21,2026-07-22,Overdue,3,3.3,0,3.62,3.56,3.25,3.42,3.56,3.68,2.82,"Focus on task planning, validation steps, and clearer progress updates.",Mentor – Web Development,2026-07
TSK0760,INT010,Neha Hussain,Web Development,Analytics Portal,Analysis,2026-07-06,2026-07-13,2026-07-15,Overdue,7,8.1,0,3.74,3.43,3.64,3.52,3.25,3.52,2.97,Needs closer deadline management and more frequent mentor check-ins.,Mentor – Web Development,2026-07
TSK0761,INT011,Sara Malik,Business Analysis,Stakeholder Analysis,Research,2026-07-04,2026-07-07,2026-07-07,Completed,3,2.9,1,4.0,3.75,3.85,4.13,3.95,3.83,4.0,Meets expectations; focus on stronger documentation and more consistent timeliness.,Mentor – Business Analysis,2026-07
TSK0762,INT011,Sara Malik,Business Analysis,Business Case Study,Documentation,2026-07-11,2026-07-18,2026-07-20,Overdue,7,8.5,0,3.65,4.05,3.94,3.89,3.92,4.17,3.47,Solid work with opportunities to improve prioritization and final presentation quality.,Mentor – Business Analysis,2026-07
TSK0763,INT011,Sara Malik,Business Analysis,Process Gap Review,Dashboard,2026-07-18,2026-07-23,2026-07-23,Completed,5,4.3,1,3.81,4.0,3.65,3.8,3.93,3.61,4.11,Solid work with opportunities to improve prioritization and final presentation quality.,Mentor – Business Analysis,2026-07
TSK0764,INT011,Sara Malik,Business Analysis,Requirements Matrix,Presentation,2026-07-06,2026-07-12,2026-07-11,Completed,6,4.9,1,3.75,3.85,3.76,4.04,3.89,3.92,4.13,Meets expectations; focus on stronger documentation and more consistent timeliness.,Mentor – Business Analysis,2026-07
TSK0765,INT012,Usman Ali,IT Support,System Health Review,Automation,2026-07-03,2026-07-05,2026-07-05,Completed,2,1.8,1,4.53,4.31,4.18,4.21,4.27,4.46,4.4,Meets expectations; focus on stronger documentation and more consistent timeliness.,Mentor – IT Support,2026-07
TSK0766,INT012,Usman Ali,IT Support,Knowledge Base Project,Cleaning,2026-07-10,2026-07-14,2026-07-15,Overdue,4,4.2,0,3.98,4.43,4.12,4.28,3.91,4.29,3.68,Solid work with opportunities to improve prioritization and final presentation quality.,Mentor – IT Support,2026-07
TSK0767,INT012,Usman Ali,IT Support,Support Ticket Analysis,Validation,2026-07-17,2026-07-22,2026-07-21,Completed,5,3.8,1,4.01,4.27,4.14,4.15,4.49,3.94,4.31,Meets expectations; focus on stronger documentation and more consistent timeliness.,Mentor – IT Support,2026-07
TSK0768,INT012,Usman Ali,IT Support,Asset Audit,Analysis,2026-07-05,2026-07-07,2026-07-07,Completed,2,1.9,1,4.55,4.43,3.89,4.16,4.29,4.29,4.3,Meets expectations; focus on stronger documentation and more consistent timeliness.,Mentor – IT Support,2026-07
TSK0769,INT013,Fatima Noor,Data Analytics,Data Quality Review,Research,2026-07-09,2026-07-12,2026-07-12,Completed,3,2.3,1,3.65,3.54,3.53,3.6,3.5,3.65,3.6,"Focus on task planning, validation steps, and clearer progress updates.",Mentor – Data Analytics,2026-07
TSK0770,INT013,Fatima Noor,Data Analytics,Executive Analytics Report,Documentation,2026-07-16,2026-07-18,,Overdue,2,,,,,,,,,,Task remains open and should be reviewed in the next mentor checkpoint.,Mentor – Data Analytics,2026-07
TSK0771,INT013,Fatima Noor,Data Analytics,Sales Performance Analysis,Dashboard,2026-07-04,2026-07-09,2026-07-09,Completed,5,4.1,1,3.8,3.46,3.42,3.23,3.13,3.67,3.6,Quality is improving; additional review before submission is recommended.,Mentor – Data Analytics,2026-07
TSK0772,INT013,Fatima Noor,Data Analytics,Internship Funnel Analysis,Presentation,2026-07-11,2026-07-14,2026-07-15,Overdue,3,3.1,0,3.56,3.4,3.62,2.78,3.59,3.61,3.47,"Focus on task planning, validation steps, and clearer progress updates.",Mentor – Data Analytics,2026-07
TSK0773,INT014,Bilal Shaikh,Power BI & BI,Operations Scorecard,Automation,2026-07-12,2026-07-17,2026-07-18,Overdue,5,5.5,0,3.86,3.85,3.32,3.84,4.06,3.82,3.69,Meets expectations; focus on stronger documentation and more consistent timeliness.,Mentor – Business Intelligence,2026-07
TSK0774,INT014,Bilal Shaikh,Power BI & BI,Power BI Storytelling,Cleaning,2026-07-19,2026-07-26,2026-07-27,Overdue,7,8.0,0,3.37,3.36,3.98,3.5,3.92,3.75,3.44,Needs closer deadline management and more frequent mentor check-ins.,Mentor – Business Intelligence,2026-07
TSK0775,INT014,Bilal Shaikh,Power BI & BI,Executive KPI Dashboard,Validation,2026-07-07,2026-07-09,2026-07-09,Completed,2,1.9,1,4.22,4.0,3.85,3.86,3.93,3.75,4.15,Good progress; improve estimation and communicate blockers earlier.,Mentor – Business Intelligence,2026-07
TSK0776,INT014,Bilal Shaikh,Power BI & BI,Recruitment BI Report,Analysis,2026-07-14,2026-07-21,2026-07-22,Overdue,7,7.3,0,3.59,3.9,3.61,3.82,3.55,3.96,3.31,Solid work with opportunities to improve prioritization and final presentation quality.,Mentor – Business Intelligence,2026-07
TSK0777,INT015,Iqra Khan,Machine Learning,Model Evaluation,Research,2026-07-10,2026-07-15,2026-07-15,Completed,5,5.0,1,3.99,4.1,4.12,4.19,4.44,4.1,4.37,Meets expectations; focus on stronger documentation and more consistent timeliness.,Mentor – Machine Learning,2026-07
TSK0778,INT015,Iqra Khan,Machine Learning,Anomaly Detection Study,Documentation,2026-07-17,2026-07-20,2026-07-20,Completed,3,2.1,1,4.28,4.23,4.23,4.18,3.94,4.28,4.55,Solid work with opportunities to improve prioritization and final presentation quality.,Mentor – Machine Learning,2026-07
TSK0779,INT015,Iqra Khan,Machine Learning,Prediction Benchmark,Dashboard,2026-07-05,2026-07-12,2026-07-11,Completed,7,6.0,1,3.99,4.4,4.23,4.0,4.32,4.26,4.48,Good progress; improve estimation and communicate blockers earlier.,Mentor – Machine Learning,2026-07
TSK0780,INT015,Iqra Khan,Machine Learning,Feature Engineering Lab,Presentation,2026-07-12,2026-07-15,2026-07-15,Completed,3,2.7,1,4.56,4.27,3.97,4.09,4.29,4.27,4.34,Meets expectations; focus on stronger documentation and more consistent timeliness.,Mentor – Machine Learning,2026-07
TSK0781,INT016,Danish Raza,Web Development,Form Validation App,Automation,2026-07-19,2026-07-23,2026-07-23,Completed,4,3.6,1,3.63,3.44,3.47,3.24,3.67,3.52,3.8,Quality is improving; additional review before submission is recommended.,Mentor – Web Development,2026-07
TSK0782,INT016,Danish Raza,Web Development,Dashboard Frontend,Cleaning,2026-07-07,2026-07-11,2026-07-11,Completed,4,3.7,1,3.54,3.5,3.26,3.37,3.29,3.44,3.76,"Focus on task planning, validation steps, and clearer progress updates.",Mentor – Web Development,2026-07
TSK0783,INT016,Danish Raza,Web Development,Responsive Portfolio,Validation,2026-07-14,2026-07-21,2026-07-21,Completed,7,6.6,1,3.76,3.19,3.83,3.19,3.48,3.66,3.48,Needs closer deadline management and more frequent mentor check-ins.,Mentor – Web Development,2026-07
TSK0784,INT016,Danish Raza,Web Development,Analytics Portal,Analysis,2026-07-21,2026-07-27,2026-07-26,Completed,6,4.1,1,3.63,3.75,3.68,3.31,3.28,3.57,3.77,"Focus on task planning, validation steps, and clearer progress updates.",Mentor – Web Development,2026-07
TSK0785,INT017,Zoya Malik,Business Analysis,Stakeholder Analysis,Research,2026-07-14,2026-07-20,2026-07-19,Completed,6,5.0,1,3.82,3.84,4.07,4.12,3.59,4.05,4.12,Good progress; improve estimation and communicate blockers earlier.,Mentor – Business Analysis,2026-07
TSK0786,INT017,Zoya Malik,Business Analysis,Business Case Study,Documentation,2026-07-21,2026-07-28,2026-07-27,Completed,7,5.6,1,3.78,4.06,4.19,4.03,3.74,3.95,4.02,Solid work with opportunities to improve prioritization and final presentation quality.,Mentor – Business Analysis,2026-07
TSK0787,INT017,Zoya Malik,Business Analysis,Process Gap Review,Dashboard,2026-07-09,2026-07-12,2026-07-13,Overdue,3,3.2,0,3.89,3.83,3.66,4.01,3.81,3.75,3.65,Solid work with opportunities to improve prioritization and final presentation quality.,Mentor – Business Analysis,2026-07
TSK0788,INT017,Zoya Malik,Business Analysis,Requirements Matrix,Presentation,2026-07-16,2026-07-20,,Overdue,4,,,,,,,,,,Task remains open and should be reviewed in the next mentor checkpoint.,Mentor – Business Analysis,2026-07
TSK0789,INT018,Fahad Ali,IT Support,System Health Review,Automation,2026-07-10,2026-07-15,2026-07-15,Completed,5,4.9,1,4.07,4.61,4.24,4.33,4.25,4.19,4.27,Solid work with opportunities to improve prioritization and final presentation quality.,Mentor – IT Support,2026-07
TSK0790,INT018,Fahad Ali,IT Support,Knowledge Base Project,Cleaning,2026-07-17,2026-07-20,,Overdue,3,,,,,,,,,,Task remains open and should be reviewed in the next mentor checkpoint.,Mentor – IT Support,2026-07
TSK0791,INT018,Fahad Ali,IT Support,Support Ticket Analysis,Validation,2026-07-05,2026-07-11,2026-07-12,Overdue,6,6.2,0,4.27,4.4,4.46,4.53,4.0,4.33,3.78,Solid work with opportunities to improve prioritization and final presentation quality.,Mentor – IT Support,2026-07
TSK0792,INT018,Fahad Ali,IT Support,Asset Audit,Analysis,2026-07-12,2026-07-15,2026-07-16,Overdue,3,3.9,0,4.19,4.23,3.97,3.77,4.07,4.17,3.9,Solid work with opportunities to improve prioritization and final presentation quality.,Mentor – IT Support,2026-07
TSK0793,INT019,Sana Noor,Data Analytics,Data Quality Review,Research,2026-07-05,2026-07-10,2026-07-10,Completed,5,4.5,1,3.53,3.78,3.55,3.13,3.64,3.33,3.66,"Focus on task planning, validation steps, and clearer progress updates.",Mentor – Data Analytics,2026-07
TSK0794,INT019,Sana Noor,Data Analytics,Executive Analytics Report,Documentation,2026-07-12,2026-07-15,,Overdue,3,,,,,,,,,,Task remains open and should be reviewed in the next mentor checkpoint.,Mentor – Data Analytics,2026-07
TSK0795,INT019,Sana Noor,Data Analytics,Sales Performance Analysis,Dashboard,2026-07-19,2026-07-24,2026-07-25,Overdue,5,5.1,0,3.61,3.51,3.67,3.66,3.47,3.63,3.32,Quality is improving; additional review before submission is recommended.,Mentor – Data Analytics,2026-07
TSK0796,INT019,Sana Noor,Data Analytics,Internship Funnel Analysis,Presentation,2026-07-07,2026-07-12,,Overdue,5,,,,,,,,,,Task remains open and should be reviewed in the next mentor checkpoint.,Mentor – Data Analytics,2026-07
TSK0797,INT020,Adeel Ahmed,Power BI & BI,Operations Scorecard,Automation,2026-07-14,2026-07-18,,Overdue,4,,,,,,,,,,Task remains open and should be reviewed in the next mentor checkpoint.,Mentor – Business Intelligence,2026-07
TSK0798,INT020,Adeel Ahmed,Power BI & BI,Power BI Storytelling,Cleaning,2026-07-21,2026-07-26,2026-07-28,Overdue,5,6.6,0,3.96,3.78,3.96,3.89,3.86,3.56,3.36,Meets expectations; focus on stronger documentation and more consistent timeliness.,Mentor – Business Intelligence,2026-07
TSK0799,INT020,Adeel Ahmed,Power BI & BI,Executive KPI Dashboard,Validation,2026-07-09,2026-07-13,,Overdue,4,,,,,,,,,,Task remains open and should be reviewed in the next mentor checkpoint.,Mentor – Business Intelligence,2026-07
TSK0800,INT020,Adeel Ahmed,Power BI & BI,Recruitment BI Report,Analysis,2026-07-16,2026-07-18,2026-07-18,Completed,2,1.4,1,4.38,3.64,3.79,3.92,3.98,3.76,3.77,Good progress; improve estimation and communicate blockers earlier.,Mentor – Business Intelligence,2026-07
TSK0801,INT021,Mahnoor Baloch,Machine Learning,Model Evaluation,Research,2026-07-18,2026-07-20,2026-07-20,Completed,2,1.1,1,3.96,4.42,4.0,3.71,3.92,4.39,4.28,Meets expectations; focus on stronger documentation and more consistent timeliness.,Mentor – Machine Learning,2026-07
TSK0802,INT021,Mahnoor Baloch,Machine Learning,Anomaly Detection Study,Documentation,2026-07-06,2026-07-08,2026-07-09,Overdue,2,2.2,0,4.11,4.34,4.3,4.01,4.42,4.22,3.83,Solid work with opportunities to improve prioritization and final presentation quality.,Mentor – Machine Learning,2026-07
TSK0803,INT021,Mahnoor Baloch,Machine Learning,Prediction Benchmark,Dashboard,2026-07-13,2026-07-16,2026-07-17,Overdue,3,3.2,0,4.46,4.13,4.19,4.15,4.38,4.31,3.82,Meets expectations; focus on stronger documentation and more consistent timeliness.,Mentor – Machine Learning,2026-07
TSK0804,INT021,Mahnoor Baloch,Machine Learning,Feature Engineering Lab,Presentation,2026-07-20,2026-07-25,2026-07-24,Completed,5,4.0,1,4.17,4.67,4.35,4.19,4.14,4.29,4.53,Solid work with opportunities to improve prioritization and final presentation quality.,Mentor – Machine Learning,2026-07
TSK0805,INT022,Saad Shah,Web Development,Form Validation App,Automation,2026-07-16,2026-07-18,2026-07-18,Completed,2,1.8,1,3.3,3.93,3.73,3.22,3.78,3.73,3.31,Quality is improving; additional review before submission is recommended.,Mentor – Web Development,2026-07
TSK0806,INT022,Saad Shah,Web Development,Dashboard Frontend,Cleaning,2026-07-04,2026-07-11,2026-07-14,Overdue,7,9.2,0,3.48,3.14,3.63,3.44,3.7,3.33,3.11,"Focus on task planning, validation steps, and clearer progress updates.",Mentor – Web Development,2026-07
TSK0807,INT022,Saad Shah,Web Development,Responsive Portfolio,Validation,2026-07-11,2026-07-13,2026-07-13,Completed,2,1.8,1,3.9,3.63,3.61,3.8,3.7,3.49,3.67,Good progress; improve estimation and communicate blockers earlier.,Mentor – Web Development,2026-07
TSK0808,INT022,Saad Shah,Web Development,Analytics Portal,Analysis,2026-07-18,2026-07-21,2026-07-22,Overdue,3,3.2,0,3.63,3.2,3.5,3.22,3.14,3.51,3.02,Needs closer deadline management and more frequent mentor check-ins.,Mentor – Web Development,2026-07
TSK0809,INT023,Rida Memon,Business Analysis,Stakeholder Analysis,Research,2026-07-20,2026-07-24,,Overdue,4,,,,,,,,,,Task remains open and should be reviewed in the next mentor checkpoint.,Mentor – Business Analysis,2026-07
TSK0810,INT023,Rida Memon,Business Analysis,Business Case Study,Documentation,2026-07-08,2026-07-12,2026-07-12,Completed,4,3.2,1,3.82,3.88,3.43,3.53,3.77,3.94,4.0,Meets expectations; focus on stronger documentation and more consistent timeliness.,Mentor – Business Analysis,2026-07
TSK0811,INT023,Rida Memon,Business Analysis,Process Gap Review,Dashboard,2026-07-15,2026-07-22,2026-07-22,Completed,7,6.4,1,3.75,3.5,3.69,4.04,3.73,4.0,4.1,Meets expectations; focus on stronger documentation and more consistent timeliness.,Mentor – Business Analysis,2026-07
TSK0812,INT023,Rida Memon,Business Analysis,Requirements Matrix,Presentation,2026-07-03,2026-07-08,2026-07-07,Completed,5,3.6,1,4.21,4.32,3.92,3.84,3.89,3.63,3.58,Meets expectations; focus on stronger documentation and more consistent timeliness.,Mentor – Business Analysis,2026-07
TSK0813,INT024,Hassan Shaikh,IT Support,System Health Review,Automation,2026-07-12,2026-07-14,2026-07-14,Completed,2,2.0,1,4.24,4.24,4.18,4.9,4.28,4.06,4.64,Good progress; improve estimation and communicate blockers earlier.,Mentor – IT Support,2026-07
TSK0814,INT024,Hassan Shaikh,IT Support,Knowledge Base Project,Cleaning,2026-07-19,2026-07-25,2026-07-26,Overdue,6,7.0,0,4.01,3.8,4.32,4.74,4.32,4.15,3.84,Good progress; improve estimation and communicate blockers earlier.,Mentor – IT Support,2026-07
TSK0815,INT024,Hassan Shaikh,IT Support,Support Ticket Analysis,Validation,2026-07-07,2026-07-13,2026-07-11,Completed,6,3.5,1,4.37,4.56,4.45,4.15,3.94,4.15,4.37,Meets expectations; focus on stronger documentation and more consistent timeliness.,Mentor – IT Support,2026-07
TSK0816,INT024,Hassan Shaikh,IT Support,Asset Audit,Analysis,2026-07-14,2026-07-16,2026-07-16,Completed,2,1.7,1,4.6,3.98,4.29,4.51,4.48,4.31,4.34,Good progress; improve estimation and communicate blockers earlier.,Mentor – IT Support,2026-07
TSK0817,INT025,Anum Hussain,Data Analytics,Data Quality Review,Research,2026-07-09,2026-07-12,2026-07-12,Completed,3,2.9,1,3.54,3.45,3.54,3.48,3.54,3.73,3.64,Quality is improving; additional review before submission is recommended.,Mentor – Data Analytics,2026-07
TSK0818,INT025,Anum Hussain,Data Analytics,Executive Analytics Report,Documentation,2026-07-16,2026-07-21,2026-07-21,Completed,5,4.9,1,3.55,3.77,3.42,3.69,3.72,3.46,3.73,Quality is improving; additional review before submission is recommended.,Mentor – Data Analytics,2026-07
TSK0819,INT025,Anum Hussain,Data Analytics,Sales Performance Analysis,Dashboard,2026-07-04,2026-07-07,2026-07-08,Overdue,3,3.2,0,3.37,3.45,3.55,3.57,3.47,3.15,3.35,Quality is improving; additional review before submission is recommended.,Mentor – Data Analytics,2026-07
TSK0820,INT025,Anum Hussain,Data Analytics,Internship Funnel Analysis,Presentation,2026-07-11,2026-07-18,2026-07-20,Overdue,7,8.2,0,3.28,3.7,3.73,3.75,3.23,3.53,3.17,Needs closer deadline management and more frequent mentor check-ins.,Mentor – Data Analytics,2026-07
TSK0821,INT026,Farhan Qureshi,Power BI & BI,Operations Scorecard,Automation,2026-07-16,2026-07-19,2026-07-19,Completed,3,2.1,1,4.16,4.32,3.94,4.06,3.69,3.88,4.09,Solid work with opportunities to improve prioritization and final presentation quality.,Mentor – Business Intelligence,2026-07
TSK0822,INT026,Farhan Qureshi,Power BI & BI,Power BI Storytelling,Cleaning,2026-07-04,2026-07-08,2026-07-09,Overdue,4,4.1,0,3.94,3.87,3.93,3.92,3.78,3.99,3.7,Good progress; improve estimation and communicate blockers earlier.,Mentor – Business Intelligence,2026-07
TSK0823,INT026,Farhan Qureshi,Power BI & BI,Executive KPI Dashboard,Validation,2026-07-11,2026-07-13,2026-07-13,Completed,2,1.9,1,4.0,3.96,3.62,3.76,4.15,3.89,3.85,Solid work with opportunities to improve prioritization and final presentation quality.,Mentor – Business Intelligence,2026-07
TSK0824,INT026,Farhan Qureshi,Power BI & BI,Recruitment BI Report,Analysis,2026-07-18,2026-07-21,,Overdue,3,,,,,,,,,,Task remains open and should be reviewed in the next mentor checkpoint.,Mentor – Business Intelligence,2026-07
TSK0825,INT027,Mehak Khan,Machine Learning,Model Evaluation,Research,2026-07-20,2026-07-24,2026-07-24,Completed,4,3.3,1,4.27,4.17,4.17,4.34,4.49,3.63,4.36,Solid work with opportunities to improve prioritization and final presentation quality.,Mentor – Machine Learning,2026-07
TSK0826,INT027,Mehak Khan,Machine Learning,Anomaly Detection Study,Documentation,2026-07-08,2026-07-14,2026-07-14,Completed,6,5.5,1,4.39,4.2,4.17,4.0,4.32,4.29,4.46,Good progress; improve estimation and communicate blockers earlier.,Mentor – Machine Learning,2026-07
TSK0827,INT027,Mehak Khan,Machine Learning,Prediction Benchmark,Dashboard,2026-07-15,2026-07-18,2026-07-19,Overdue,3,3.7,0,4.3,4.3,4.27,4.47,4.58,4.37,3.68,Good progress; improve estimation and communicate blockers earlier.,Mentor – Machine Learning,2026-07
TSK0828,INT027,Mehak Khan,Machine Learning,Feature Engineering Lab,Presentation,2026-07-03,2026-07-09,2026-07-09,Completed,6,5.6,1,4.19,4.15,4.29,4.17,4.11,4.2,4.7,Meets expectations; focus on stronger documentation and more consistent timeliness.,Mentor – Machine Learning,2026-07
TSK0829,INT028,Taha Raza,Web Development,Form Validation App,Automation,2026-07-05,2026-07-11,2026-07-12,Overdue,6,6.1,0,3.14,3.6,3.77,3.77,3.24,3.76,2.92,Needs closer deadline management and more frequent mentor check-ins.,Mentor – Web Development,2026-07
TSK0830,INT028,Taha Raza,Web Development,Dashboard Frontend,Cleaning,2026-07-12,2026-07-15,2026-07-15,Completed,3,3.0,1,3.36,3.58,3.67,2.97,3.48,3.48,3.92,Needs closer deadline management and more frequent mentor check-ins.,Mentor – Web Development,2026-07
TSK0831,INT028,Taha Raza,Web Development,Responsive Portfolio,Validation,2026-07-19,2026-07-24,2026-07-24,Completed,5,4.6,1,3.41,3.52,3.54,3.67,3.72,3.16,3.72,Quality is improving; additional review before submission is recommended.,Mentor – Web Development,2026-07
TSK0832,INT028,Taha Raza,Web Development,Analytics Portal,Analysis,2026-07-07,2026-07-10,2026-07-10,Completed,3,2.9,1,3.89,3.63,3.65,3.59,3.64,3.84,3.44,Meets expectations; focus on stronger documentation and more consistent timeliness.,Mentor – Web Development,2026-07
TSK0833,INT029,Nimra Malik,Business Analysis,Stakeholder Analysis,Research,2026-07-13,2026-07-16,2026-07-16,Completed,3,2.7,1,4.08,3.58,3.93,4.05,3.88,4.02,4.42,Meets expectations; focus on stronger documentation and more consistent timeliness.,Mentor – Business Analysis,2026-07
TSK0834,INT029,Nimra Malik,Business Analysis,Business Case Study,Documentation,2026-07-20,2026-07-26,2026-07-27,Overdue,6,6.5,0,3.98,3.59,4.05,4.22,3.71,3.85,3.46,Good progress; improve estimation and communicate blockers earlier.,Mentor – Business Analysis,2026-07
TSK0835,INT029,Nimra Malik,Business Analysis,Process Gap Review,Dashboard,2026-07-08,2026-07-14,2026-07-14,Completed,6,5.4,1,4.1,4.2,3.62,3.97,3.8,3.82,4.13,Good progress; improve estimation and communicate blockers earlier.,Mentor – Business Analysis,2026-07
TSK0836,INT029,Nimra Malik,Business Analysis,Requirements Matrix,Presentation,2026-07-15,2026-07-18,2026-07-19,Overdue,3,3.3,0,3.78,3.8,3.78,3.9,3.59,3.55,3.33,Good progress; improve estimation and communicate blockers earlier.,Mentor – Business Analysis,2026-07
TSK0837,INT030,Arham Ahmed,IT Support,System Health Review,Automation,2026-07-21,2026-07-23,2026-07-24,Overdue,2,2.1,0,4.22,4.0,4.39,3.6,4.54,4.23,4.12,Meets expectations; focus on stronger documentation and more consistent timeliness.,Mentor – IT Support,2026-07
TSK0838,INT030,Arham Ahmed,IT Support,Knowledge Base Project,Cleaning,2026-07-09,2026-07-13,2026-07-14,Overdue,4,4.3,0,3.87,4.31,4.6,4.12,4.02,4.65,3.98,Good progress; improve estimation and communicate blockers earlier.,Mentor – IT Support,2026-07
TSK0839,INT030,Arham Ahmed,IT Support,Support Ticket Analysis,Validation,2026-07-16,2026-07-21,2026-07-22,Overdue,5,6.0,0,4.56,4.37,4.52,4.08,4.4,3.92,3.79,Solid work with opportunities to improve prioritization and final presentation quality.,Mentor – IT Support,2026-07
TSK0840,INT030,Arham Ahmed,IT Support,Asset Audit,Analysis,2026-07-04,2026-07-07,2026-07-07,Completed,3,3.0,1,4.76,4.44,4.64,4.2,4.26,4.52,4.23,Solid work with opportunities to improve prioritization and final presentation quality.,Mentor – IT Support,2026-07
TSK0841,INT001,Sajid Ali,Data Analytics,Executive Analytics Report,Research,2026-08-11,2026-08-16,2026-08-16,Completed,5,4.3,1,5.0,4.94,4.76,4.95,4.94,4.9,5.0,Excellent analytical discipline and dependable delivery against milestones.,Internee.pk Mentor,2026-08
TSK0842,INT001,Sajid Ali,Data Analytics,Sales Performance Analysis,Documentation,2026-08-18,2026-08-23,2026-08-23,Completed,5,4.3,1,4.72,4.78,4.75,5.0,5.0,4.77,4.74,Excellent analytical discipline and dependable delivery against milestones.,Internee.pk Mentor,2026-08
TSK0843,INT001,Sajid Ali,Data Analytics,Internship Funnel Analysis,Dashboard,2026-08-06,2026-08-11,2026-08-10,Completed,5,4.0,1,4.95,4.84,4.8,4.86,4.78,5.0,5.0,Consistently delivers high-quality work with clear communication and strong ownership.,Internee.pk Mentor,2026-08
TSK0844,INT001,Sajid Ali,Data Analytics,Data Quality Review,Presentation,2026-08-13,2026-08-20,2026-08-19,Completed,7,6.0,1,4.88,5.0,4.91,4.66,4.72,5.0,5.0,Excellent analytical discipline and dependable delivery against milestones.,Internee.pk Mentor,2026-08
TSK0845,INT002,Ayesha Khan,Power BI & BI,Power BI Storytelling,Automation,2026-08-06,2026-08-08,2026-08-08,Completed,2,1.8,1,3.9,4.4,3.51,3.74,3.88,3.82,4.25,Solid work with opportunities to improve prioritization and final presentation quality.,Mentor – Business Intelligence,2026-08
TSK0846,INT002,Ayesha Khan,Power BI & BI,Executive KPI Dashboard,Cleaning,2026-08-13,2026-08-17,2026-08-17,Completed,4,3.4,1,3.98,4.37,3.68,3.57,3.81,4.1,4.17,Solid work with opportunities to improve prioritization and final presentation quality.,Mentor – Business Intelligence,2026-08
TSK0847,INT002,Ayesha Khan,Power BI & BI,Recruitment BI Report,Validation,2026-08-20,2026-08-27,2026-08-28,Overdue,7,7.2,0,3.85,3.77,3.81,3.96,3.87,3.46,3.15,Meets expectations; focus on stronger documentation and more consistent timeliness.,Mentor – Business Intelligence,2026-08
TSK0848,INT002,Ayesha Khan,Power BI & BI,Operations Scorecard,Analysis,2026-08-08,2026-08-14,2026-08-15,Overdue,6,6.9,0,3.47,3.95,3.99,3.9,3.94,3.95,3.06,Good progress; improve estimation and communicate blockers earlier.,Mentor – Business Intelligence,2026-08
TSK0849,INT003,Rehan Mehta,Machine Learning,Anomaly Detection Study,Research,2026-08-03,2026-08-06,2026-08-07,Overdue,3,3.1,0,4.04,4.22,4.18,4.06,4.46,4.7,3.68,Solid work with opportunities to improve prioritization and final presentation quality.,Mentor – Machine Learning,2026-08
TSK0850,INT003,Rehan Mehta,Machine Learning,Prediction Benchmark,Documentation,2026-08-10,2026-08-14,2026-08-14,Completed,4,3.9,1,3.99,3.98,4.33,4.17,4.41,4.27,3.97,Meets expectations; focus on stronger documentation and more consistent timeliness.,Mentor – Machine Learning,2026-08
TSK0851,INT003,Rehan Mehta,Machine Learning,Feature Engineering Lab,Dashboard,2026-08-17,2026-08-24,2026-08-23,Completed,7,5.5,1,4.42,4.29,4.3,4.18,3.81,4.07,4.33,Good progress; improve estimation and communicate blockers earlier.,Mentor – Machine Learning,2026-08
TSK0852,INT003,Rehan Mehta,Machine Learning,Model Evaluation,Presentation,2026-08-05,2026-08-10,2026-08-10,Completed,5,4.1,1,4.78,4.2,4.55,4.41,3.79,4.29,4.3,Solid work with opportunities to improve prioritization and final presentation quality.,Mentor – Machine Learning,2026-08
TSK0853,INT004,Zainab Fatima,Web Development,Dashboard Frontend,Automation,2026-08-21,2026-08-28,2026-08-28,Completed,7,7.0,1,3.5,3.62,3.56,3.5,3.54,3.39,3.72,Quality is improving; additional review before submission is recommended.,Mentor – Web Development,2026-08
TSK0854,INT004,Zainab Fatima,Web Development,Responsive Portfolio,Cleaning,2026-08-09,2026-08-14,2026-08-14,Completed,5,4.1,1,3.66,3.74,3.66,3.12,3.32,3.68,3.37,Needs closer deadline management and more frequent mentor check-ins.,Mentor – Web Development,2026-08
TSK0855,INT004,Zainab Fatima,Web Development,Analytics Portal,Validation,2026-08-16,2026-08-20,2026-08-21,Overdue,4,4.1,0,3.32,3.32,3.59,3.14,3.7,3.49,2.82,"Focus on task planning, validation steps, and clearer progress updates.",Mentor – Web Development,2026-08
TSK0856,INT004,Zainab Fatima,Web Development,Form Validation App,Analysis,2026-08-04,2026-08-10,2026-08-12,Overdue,6,7.6,0,3.68,3.38,3.39,3.16,3.37,3.66,3.12,Quality is improving; additional review before submission is recommended.,Mentor – Web Development,2026-08
TSK0857,INT005,Arjun Singh,Business Analysis,Business Case Study,Research,2026-08-20,2026-08-22,2026-08-22,Completed,2,1.7,1,4.21,3.73,3.47,3.84,3.99,3.62,3.93,Meets expectations; focus on stronger documentation and more consistent timeliness.,Mentor – Business Analysis,2026-08
TSK0858,INT005,Arjun Singh,Business Analysis,Process Gap Review,Documentation,2026-08-08,2026-08-11,2026-08-11,Completed,3,2.4,1,4.08,3.96,3.9,4.29,3.73,3.76,4.13,Good progress; improve estimation and communicate blockers earlier.,Mentor – Business Analysis,2026-08
TSK0859,INT005,Arjun Singh,Business Analysis,Requirements Matrix,Dashboard,2026-08-15,2026-08-21,2026-08-22,Overdue,6,6.2,0,3.61,3.9,3.96,3.63,3.74,4.0,3.29,Meets expectations; focus on stronger documentation and more consistent timeliness.,Mentor – Business Analysis,2026-08
TSK0860,INT005,Arjun Singh,Business Analysis,Stakeholder Analysis,Presentation,2026-08-03,2026-08-09,2026-08-09,Completed,6,5.8,1,3.71,4.14,3.67,4.23,3.76,4.13,3.92,Meets expectations; focus on stronger documentation and more consistent timeliness.,Mentor – Business Analysis,2026-08
TSK0861,INT006,Hira Memon,IT Support,Knowledge Base Project,Automation,2026-08-05,2026-08-11,2026-08-11,Completed,6,5.7,1,4.57,4.1,3.95,4.18,4.13,4.27,4.35,Solid work with opportunities to improve prioritization and final presentation quality.,Mentor – IT Support,2026-08
TSK0862,INT006,Hira Memon,IT Support,Support Ticket Analysis,Cleaning,2026-08-12,2026-08-18,2026-08-19,Overdue,6,6.5,0,4.37,3.92,4.31,4.27,4.06,3.77,3.71,Solid work with opportunities to improve prioritization and final presentation quality.,Mentor – IT Support,2026-08
TSK0863,INT006,Hira Memon,IT Support,Asset Audit,Validation,2026-08-19,2026-08-24,2026-08-25,Overdue,5,5.2,0,4.42,4.1,3.97,4.07,4.4,4.3,3.69,Meets expectations; focus on stronger documentation and more consistent timeliness.,Mentor – IT Support,2026-08
TSK0864,INT006,Hira Memon,IT Support,System Health Review,Analysis,2026-08-07,2026-08-10,2026-08-10,Completed,3,2.6,1,4.26,3.91,4.07,3.95,3.99,4.18,4.57,Solid work with opportunities to improve prioritization and final presentation quality.,Mentor – IT Support,2026-08
TSK0865,INT007,Hamza Ahmed,Data Analytics,Executive Analytics Report,Research,2026-08-10,2026-08-13,,Not Started,3,,,,,,,,,,Task remains open and should be reviewed in the next mentor checkpoint.,Mentor – Data Analytics,2026-08
TSK0866,INT007,Hamza Ahmed,Data Analytics,Sales Performance Analysis,Documentation,2026-08-17,2026-08-24,2026-08-24,Completed,7,6.5,1,3.51,3.77,3.6,3.74,3.22,3.3,3.43,Needs closer deadline management and more frequent mentor check-ins.,Mentor – Data Analytics,2026-08
TSK0867,INT007,Hamza Ahmed,Data Analytics,Internship Funnel Analysis,Dashboard,2026-08-05,2026-08-07,2026-08-08,Overdue,2,2.6,0,3.08,3.22,3.23,3.36,3.16,3.16,3.16,Needs closer deadline management and more frequent mentor check-ins.,Mentor – Data Analytics,2026-08
TSK0868,INT007,Hamza Ahmed,Data Analytics,Data Quality Review,Presentation,2026-08-12,2026-08-16,2026-08-17,Overdue,4,4.1,0,3.45,3.56,3.49,3.62,3.49,3.62,3.02,"Focus on task planning, validation steps, and clearer progress updates.",Mentor – Data Analytics,2026-08
TSK0869,INT008,Mariam Baloch,Power BI & BI,Power BI Storytelling,Automation,2026-08-20,2026-08-24,2026-08-25,Overdue,4,4.3,0,4.13,3.97,3.94,3.66,3.65,3.66,3.44,Solid work with opportunities to improve prioritization and final presentation quality.,Mentor – Business Intelligence,2026-08
TSK0870,INT008,Mariam Baloch,Power BI & BI,Executive KPI Dashboard,Cleaning,2026-08-08,2026-08-14,2026-08-13,Completed,6,4.4,1,3.95,3.76,3.6,3.61,3.85,4.12,4.02,Solid work with opportunities to improve prioritization and final presentation quality.,Mentor – Business Intelligence,2026-08
TSK0871,INT008,Mariam Baloch,Power BI & BI,Recruitment BI Report,Validation,2026-08-15,2026-08-21,2026-08-22,Overdue,6,6.5,0,3.94,3.73,3.74,3.78,3.85,4.02,3.46,Solid work with opportunities to improve prioritization and final presentation quality.,Mentor – Business Intelligence,2026-08
TSK0872,INT008,Mariam Baloch,Power BI & BI,Operations Scorecard,Analysis,2026-08-03,2026-08-08,2026-08-07,Completed,5,3.3,1,4.17,4.16,3.63,3.43,3.88,4.02,4.26,Solid work with opportunities to improve prioritization and final presentation quality.,Mentor – Business Intelligence,2026-08
TSK0873,INT009,Ali Shah,Machine Learning,Anomaly Detection Study,Research,2026-08-05,2026-08-10,2026-08-10,Completed,5,4.5,1,4.44,4.33,4.25,4.28,4.47,4.15,4.41,Good progress; improve estimation and communicate blockers earlier.,Mentor – Machine Learning,2026-08
TSK0874,INT009,Ali Shah,Machine Learning,Prediction Benchmark,Documentation,2026-08-12,2026-08-17,2026-08-16,Completed,5,4.0,1,4.58,4.34,4.14,4.2,4.4,4.23,4.48,Good progress; improve estimation and communicate blockers earlier.,Mentor – Machine Learning,2026-08
TSK0875,INT009,Ali Shah,Machine Learning,Feature Engineering Lab,Dashboard,2026-08-19,2026-08-25,2026-08-25,Completed,6,5.9,1,4.43,4.37,4.29,4.56,4.19,3.67,4.49,Solid work with opportunities to improve prioritization and final presentation quality.,Mentor – Machine Learning,2026-08
TSK0876,INT009,Ali Shah,Machine Learning,Model Evaluation,Presentation,2026-08-07,2026-08-12,2026-08-12,Completed,5,4.4,1,4.27,4.34,4.07,4.27,4.23,4.61,4.3,Good progress; improve estimation and communicate blockers earlier.,Mentor – Machine Learning,2026-08
TSK0877,INT010,Neha Hussain,Web Development,Dashboard Frontend,Automation,2026-08-15,2026-08-18,2026-08-19,Overdue,3,3.4,0,3.14,3.67,3.6,3.78,3.46,3.25,2.95,"Focus on task planning, validation steps, and clearer progress updates.",Mentor – Web Development,2026-08
TSK0878,INT010,Neha Hussain,Web Development,Responsive Portfolio,Cleaning,2026-08-03,2026-08-06,2026-08-07,Overdue,3,3.4,0,3.25,3.46,3.52,3.57,3.63,3.66,3.06,Needs closer deadline management and more frequent mentor check-ins.,Mentor – Web Development,2026-08
TSK0879,INT010,Neha Hussain,Web Development,Analytics Portal,Validation,2026-08-10,2026-08-16,,In Progress,6,,,,,,,,,,Task remains open and should be reviewed in the next mentor checkpoint.,Mentor – Web Development,2026-08
TSK0880,INT010,Neha Hussain,Web Development,Form Validation App,Analysis,2026-08-17,2026-08-21,2026-08-21,Completed,4,3.5,1,3.7,3.31,3.3,3.18,3.67,3.3,3.67,Quality is improving; additional review before submission is recommended.,Mentor – Web Development,2026-08
TSK0881,INT011,Sara Malik,Business Analysis,Business Case Study,Research,2026-08-15,2026-08-22,2026-08-24,Overdue,7,8.4,0,3.75,4.16,3.81,4.07,3.87,3.56,3.4,Good progress; improve estimation and communicate blockers earlier.,Mentor – Business Analysis,2026-08
TSK0882,INT011,Sara Malik,Business Analysis,Process Gap Review,Documentation,2026-08-03,2026-08-08,2026-08-08,Completed,5,4.9,1,4.22,3.93,4.12,3.61,3.99,3.63,3.85,Good progress; improve estimation and communicate blockers earlier.,Mentor – Business Analysis,2026-08
TSK0883,INT011,Sara Malik,Business Analysis,Requirements Matrix,Dashboard,2026-08-10,2026-08-14,2026-08-15,Overdue,4,4.4,0,3.56,3.98,3.77,3.86,3.83,3.87,3.26,Meets expectations; focus on stronger documentation and more consistent timeliness.,Mentor – Business Analysis,2026-08
TSK0884,INT011,Sara Malik,Business Analysis,Stakeholder Analysis,Presentation,2026-08-17,2026-08-24,2026-08-23,Completed,7,5.7,1,3.79,3.93,3.83,3.75,4.2,3.48,4.13,Solid work with opportunities to improve prioritization and final presentation quality.,Mentor – Business Analysis,2026-08
TSK0885,INT012,Usman Ali,IT Support,Knowledge Base Project,Automation,2026-08-14,2026-08-19,2026-08-21,Overdue,5,6.4,0,4.2,4.15,4.32,4.13,3.95,4.16,3.65,Good progress; improve estimation and communicate blockers earlier.,Mentor – IT Support,2026-08
TSK0886,INT012,Usman Ali,IT Support,Support Ticket Analysis,Cleaning,2026-08-21,2026-08-28,2026-08-29,Overdue,7,8.0,0,4.43,4.03,3.81,3.97,3.96,4.33,3.94,Good progress; improve estimation and communicate blockers earlier.,Mentor – IT Support,2026-08
TSK0887,INT012,Usman Ali,IT Support,Asset Audit,Validation,2026-08-09,2026-08-14,2026-08-13,Completed,5,3.8,1,3.86,4.46,4.49,4.06,4.25,4.05,4.51,Good progress; improve estimation and communicate blockers earlier.,Mentor – IT Support,2026-08
TSK0888,INT012,Usman Ali,IT Support,System Health Review,Analysis,2026-08-16,2026-08-18,,In Progress,2,,,,,,,,,,Task remains open and should be reviewed in the next mentor checkpoint.,Mentor – IT Support,2026-08
TSK0889,INT013,Fatima Noor,Data Analytics,Executive Analytics Report,Research,2026-08-20,2026-08-26,2026-08-28,Overdue,6,7.6,0,3.8,3.32,3.71,3.31,3.31,3.39,3.01,"Focus on task planning, validation steps, and clearer progress updates.",Mentor – Data Analytics,2026-08
TSK0890,INT013,Fatima Noor,Data Analytics,Sales Performance Analysis,Documentation,2026-08-08,2026-08-15,2026-08-15,Completed,7,6.3,1,3.82,3.67,3.59,3.43,3.69,3.49,3.58,"Focus on task planning, validation steps, and clearer progress updates.",Mentor – Data Analytics,2026-08
TSK0891,INT013,Fatima Noor,Data Analytics,Internship Funnel Analysis,Dashboard,2026-08-15,2026-08-17,2026-08-18,Overdue,2,2.4,0,3.38,3.33,3.5,3.54,3.32,3.24,2.95,"Focus on task planning, validation steps, and clearer progress updates.",Mentor – Data Analytics,2026-08
TSK0892,INT013,Fatima Noor,Data Analytics,Data Quality Review,Presentation,2026-08-03,2026-08-09,2026-08-10,Overdue,6,6.9,0,3.69,3.66,3.46,3.31,3.25,3.54,3.01,"Focus on task planning, validation steps, and clearer progress updates.",Mentor – Data Analytics,2026-08
TSK0893,INT014,Bilal Shaikh,Power BI & BI,Power BI Storytelling,Automation,2026-08-04,2026-08-09,2026-08-08,Completed,5,3.9,1,3.78,4.01,4.04,4.09,3.62,3.9,4.08,Meets expectations; focus on stronger documentation and more consistent timeliness.,Mentor – Business Intelligence,2026-08
TSK0894,INT014,Bilal Shaikh,Power BI & BI,Executive KPI Dashboard,Cleaning,2026-08-11,2026-08-18,2026-08-16,Completed,7,4.7,1,4.03,3.96,4.03,4.39,4.03,3.79,4.03,Solid work with opportunities to improve prioritization and final presentation quality.,Mentor – Business Intelligence,2026-08
TSK0895,INT014,Bilal Shaikh,Power BI & BI,Recruitment BI Report,Validation,2026-08-18,2026-08-20,2026-08-20,Completed,2,1.9,1,3.7,4.08,4.17,3.54,4.0,3.8,3.74,Meets expectations; focus on stronger documentation and more consistent timeliness.,Mentor – Business Intelligence,2026-08
TSK0896,INT014,Bilal Shaikh,Power BI & BI,Operations Scorecard,Analysis,2026-08-06,2026-08-09,2026-08-08,Completed,3,2.0,1,4.24,4.23,3.61,3.71,3.84,3.78,4.06,Meets expectations; focus on stronger documentation and more consistent timeliness.,Mentor – Business Intelligence,2026-08
TSK0897,INT015,Iqra Khan,Machine Learning,Anomaly Detection Study,Research,2026-08-21,2026-08-23,,In Progress,2,,,,,,,,,,Task remains open and should be reviewed in the next mentor checkpoint.,Mentor – Machine Learning,2026-08
TSK0898,INT015,Iqra Khan,Machine Learning,Prediction Benchmark,Documentation,2026-08-09,2026-08-16,2026-08-17,Overdue,7,7.5,0,4.62,4.04,4.27,4.07,4.25,4.2,3.4,Solid work with opportunities to improve prioritization and final presentation quality.,Mentor – Machine Learning,2026-08
TSK0899,INT015,Iqra Khan,Machine Learning,Feature Engineering Lab,Dashboard,2026-08-16,2026-08-20,2026-08-21,Overdue,4,4.1,0,4.32,4.44,4.26,4.33,3.99,4.58,3.62,Solid work with opportunities to improve prioritization and final presentation quality.,Mentor – Machine Learning,2026-08
TSK0900,INT015,Iqra Khan,Machine Learning,Model Evaluation,Presentation,2026-08-04,2026-08-06,2026-08-06,Completed,2,1.1,1,4.32,4.15,4.01,4.26,4.12,4.02,4.18,Good progress; improve estimation and communicate blockers earlier.,Mentor – Machine Learning,2026-08
TSK0901,INT016,Danish Raza,Web Development,Dashboard Frontend,Automation,2026-08-11,2026-08-14,2026-08-14,Completed,3,2.8,1,3.87,3.5,3.44,3.22,3.49,4.01,3.47,Needs closer deadline management and more frequent mentor check-ins.,Mentor – Web Development,2026-08
TSK0902,INT016,Danish Raza,Web Development,Responsive Portfolio,Cleaning,2026-08-18,2026-08-21,2026-08-22,Overdue,3,3.6,0,3.54,3.32,3.65,3.4,3.48,3.8,3.17,Needs closer deadline management and more frequent mentor check-ins.,Mentor – Web Development,2026-08
TSK0903,INT016,Danish Raza,Web Development,Analytics Portal,Validation,2026-08-06,2026-08-08,2026-08-08,Completed,2,1.6,1,3.43,3.53,3.73,3.15,3.22,3.67,3.74,Needs closer deadline management and more frequent mentor check-ins.,Mentor – Web Development,2026-08
TSK0904,INT016,Danish Raza,Web Development,Form Validation App,Analysis,2026-08-13,2026-08-15,2026-08-16,Overdue,2,2.6,0,3.7,3.46,3.56,4.0,3.42,3.26,3.3,"Focus on task planning, validation steps, and clearer progress updates.",Mentor – Web Development,2026-08
TSK0905,INT017,Zoya Malik,Business Analysis,Business Case Study,Research,2026-08-06,2026-08-12,2026-08-11,Completed,6,4.8,1,4.02,3.72,4.02,3.81,4.14,4.18,3.96,Good progress; improve estimation and communicate blockers earlier.,Mentor – Business Analysis,2026-08
TSK0906,INT017,Zoya Malik,Business Analysis,Process Gap Review,Documentation,2026-08-13,2026-08-18,2026-08-19,Overdue,5,6.0,0,3.58,4.05,4.0,3.64,3.88,3.8,3.29,Good progress; improve estimation and communicate blockers earlier.,Mentor – Business Analysis,2026-08
TSK0907,INT017,Zoya Malik,Business Analysis,Requirements Matrix,Dashboard,2026-08-20,2026-08-25,2026-08-24,Completed,5,3.8,1,3.88,4.06,3.59,4.11,4.1,3.84,3.95,Meets expectations; focus on stronger documentation and more consistent timeliness.,Mentor – Business Analysis,2026-08
TSK0908,INT017,Zoya Malik,Business Analysis,Stakeholder Analysis,Presentation,2026-08-08,2026-08-15,2026-08-16,Overdue,7,7.2,0,3.79,3.98,4.08,3.74,3.4,3.98,3.44,Good progress; improve estimation and communicate blockers earlier.,Mentor – Business Analysis,2026-08
TSK0909,INT018,Fahad Ali,IT Support,Knowledge Base Project,Automation,2026-08-21,2026-08-26,2026-08-26,Completed,5,4.7,1,4.28,4.38,4.44,4.4,3.95,3.94,4.31,Solid work with opportunities to improve prioritization and final presentation quality.,Mentor – IT Support,2026-08
TSK0910,INT018,Fahad Ali,IT Support,Support Ticket Analysis,Cleaning,2026-08-09,2026-08-15,,In Progress,6,,,,,,,,,,Task remains open and should be reviewed in the next mentor checkpoint.,Mentor – IT Support,2026-08
TSK0911,INT018,Fahad Ali,IT Support,Asset Audit,Validation,2026-08-16,2026-08-18,,In Progress,2,,,,,,,,,,Task remains open and should be reviewed in the next mentor checkpoint.,Mentor – IT Support,2026-08
TSK0912,INT018,Fahad Ali,IT Support,System Health Review,Analysis,2026-08-04,2026-08-08,2026-08-09,Overdue,4,4.7,0,4.34,4.41,4.01,4.46,4.27,4.29,3.72,Good progress; improve estimation and communicate blockers earlier.,Mentor – IT Support,2026-08
TSK0913,INT019,Sana Noor,Data Analytics,Executive Analytics Report,Research,2026-08-16,2026-08-20,2026-08-21,Overdue,4,4.3,0,3.64,3.46,3.55,3.41,3.4,3.38,3.01,Needs closer deadline management and more frequent mentor check-ins.,Mentor – Data Analytics,2026-08
TSK0914,INT019,Sana Noor,Data Analytics,Sales Performance Analysis,Documentation,2026-08-04,2026-08-11,2026-08-12,Overdue,7,7.6,0,3.57,3.42,3.48,3.14,3.32,3.09,3.15,Needs closer deadline management and more frequent mentor check-ins.,Mentor – Data Analytics,2026-08
TSK0915,INT019,Sana Noor,Data Analytics,Internship Funnel Analysis,Dashboard,2026-08-11,2026-08-17,2026-08-18,Overdue,6,6.3,0,3.75,3.71,3.64,3.34,3.42,3.6,2.92,"Focus on task planning, validation steps, and clearer progress updates.",Mentor – Data Analytics,2026-08
TSK0916,INT019,Sana Noor,Data Analytics,Data Quality Review,Presentation,2026-08-18,2026-08-21,2026-08-21,Completed,3,2.6,1,3.72,3.5,3.17,3.28,3.33,3.38,3.75,Needs closer deadline management and more frequent mentor check-ins.,Mentor – Data Analytics,2026-08
TSK0917,INT020,Adeel Ahmed,Power BI & BI,Power BI Storytelling,Automation,2026-08-06,2026-08-10,2026-08-10,Completed,4,3.3,1,3.99,3.75,3.6,4.19,4.2,4.14,4.23,Good progress; improve estimation and communicate blockers earlier.,Mentor – Business Intelligence,2026-08
TSK0918,INT020,Adeel Ahmed,Power BI & BI,Executive KPI Dashboard,Cleaning,2026-08-13,2026-08-17,2026-08-17,Completed,4,3.9,1,4.01,3.8,3.74,3.9,3.91,3.47,4.24,Meets expectations; focus on stronger documentation and more consistent timeliness.,Mentor – Business Intelligence,2026-08
TSK0919,INT020,Adeel Ahmed,Power BI & BI,Recruitment BI Report,Validation,2026-08-20,2026-08-24,2026-08-25,Overdue,4,4.3,0,4.43,3.76,4.02,3.71,3.83,3.93,3.63,Solid work with opportunities to improve prioritization and final presentation quality.,Mentor – Business Intelligence,2026-08
TSK0920,INT020,Adeel Ahmed,Power BI & BI,Operations Scorecard,Analysis,2026-08-08,2026-08-10,2026-08-10,Completed,2,1.9,1,3.9,3.73,3.87,3.57,3.54,4.03,4.32,Solid work with opportunities to improve prioritization and final presentation quality.,Mentor – Business Intelligence,2026-08
TSK0921,INT021,Mahnoor Baloch,Machine Learning,Anomaly Detection Study,Research,2026-08-10,2026-08-12,2026-08-13,Overdue,2,2.5,0,4.25,4.38,4.4,4.22,3.85,4.27,3.87,Good progress; improve estimation and communicate blockers earlier.,Mentor – Machine Learning,2026-08
TSK0922,INT021,Mahnoor Baloch,Machine Learning,Prediction Benchmark,Documentation,2026-08-17,2026-08-23,2026-08-23,Completed,6,5.2,1,4.7,4.35,4.32,4.06,4.52,4.35,4.46,Solid work with opportunities to improve prioritization and final presentation quality.,Mentor – Machine Learning,2026-08
TSK0923,INT021,Mahnoor Baloch,Machine Learning,Feature Engineering Lab,Dashboard,2026-08-05,2026-08-09,2026-08-09,Completed,4,3.3,1,4.85,4.39,4.22,3.81,3.95,4.18,4.48,Good progress; improve estimation and communicate blockers earlier.,Mentor – Machine Learning,2026-08
TSK0924,INT021,Mahnoor Baloch,Machine Learning,Model Evaluation,Presentation,2026-08-12,2026-08-16,2026-08-16,Completed,4,3.8,1,4.28,4.36,4.34,4.28,4.52,4.23,4.48,Meets expectations; focus on stronger documentation and more consistent timeliness.,Mentor – Machine Learning,2026-08
TSK0925,INT022,Saad Shah,Web Development,Dashboard Frontend,Automation,2026-08-08,2026-08-13,2026-08-15,Overdue,5,6.6,0,3.67,3.57,3.62,3.55,3.49,3.86,3.24,Quality is improving; additional review before submission is recommended.,Mentor – Web Development,2026-08
TSK0926,INT022,Saad Shah,Web Development,Responsive Portfolio,Cleaning,2026-08-15,2026-08-21,2026-08-21,Completed,6,5.2,1,3.38,3.62,3.4,3.56,3.64,3.38,3.94,Quality is improving; additional review before submission is recommended.,Mentor – Web Development,2026-08
TSK0927,INT022,Saad Shah,Web Development,Analytics Portal,Validation,2026-08-03,2026-08-09,2026-08-09,Completed,6,5.7,1,3.74,3.82,3.27,3.85,3.49,3.96,3.68,Meets expectations; focus on stronger documentation and more consistent timeliness.,Mentor – Web Development,2026-08
TSK0928,INT022,Saad Shah,Web Development,Form Validation App,Analysis,2026-08-10,2026-08-15,2026-08-15,Completed,5,4.3,1,3.42,3.66,3.66,3.81,3.25,3.6,3.81,Needs closer deadline management and more frequent mentor check-ins.,Mentor – Web Development,2026-08
TSK0929,INT023,Rida Memon,Business Analysis,Business Case Study,Research,2026-08-12,2026-08-14,2026-08-14,Completed,2,1.2,1,4.35,3.95,4.12,4.03,3.55,4.06,4.2,Meets expectations; focus on stronger documentation and more consistent timeliness.,Mentor – Business Analysis,2026-08
TSK0930,INT023,Rida Memon,Business Analysis,Process Gap Review,Documentation,2026-08-19,2026-08-24,2026-08-23,Completed,5,3.7,1,3.41,4.37,3.57,3.91,3.87,3.66,4.07,Good progress; improve estimation and communicate blockers earlier.,Mentor – Business Analysis,2026-08
TSK0931,INT023,Rida Memon,Business Analysis,Requirements Matrix,Dashboard,2026-08-07,2026-08-10,2026-08-10,Completed,3,2.5,1,3.9,3.91,3.81,3.61,3.79,3.58,4.05,Solid work with opportunities to improve prioritization and final presentation quality.,Mentor – Business Analysis,2026-08
TSK0932,INT023,Rida Memon,Business Analysis,Stakeholder Analysis,Presentation,2026-08-14,2026-08-16,2026-08-17,Overdue,2,2.5,0,3.9,3.68,3.73,3.8,3.98,3.9,3.5,Good progress; improve estimation and communicate blockers earlier.,Mentor – Business Analysis,2026-08
TSK0933,INT024,Hassan Shaikh,IT Support,Knowledge Base Project,Automation,2026-08-04,2026-08-08,2026-08-08,Completed,4,3.6,1,4.36,4.21,4.55,3.85,4.47,4.28,4.37,Solid work with opportunities to improve prioritization and final presentation quality.,Mentor – IT Support,2026-08
TSK0934,INT024,Hassan Shaikh,IT Support,Support Ticket Analysis,Cleaning,2026-08-11,2026-08-16,2026-08-17,Overdue,5,5.7,0,4.31,4.16,4.3,4.51,3.95,4.61,3.63,Meets expectations; focus on stronger documentation and more consistent timeliness.,Mentor – IT Support,2026-08
TSK0935,INT024,Hassan Shaikh,IT Support,Asset Audit,Validation,2026-08-18,2026-08-24,,In Progress,6,,,,,,,,,,Task remains open and should be reviewed in the next mentor checkpoint.,Mentor – IT Support,2026-08
TSK0936,INT024,Hassan Shaikh,IT Support,System Health Review,Analysis,2026-08-06,2026-08-08,2026-08-08,Completed,2,2.0,1,4.3,4.36,4.11,4.46,4.38,4.36,4.33,Meets expectations; focus on stronger documentation and more consistent timeliness.,Mentor – IT Support,2026-08
TSK0937,INT025,Anum Hussain,Data Analytics,Executive Analytics Report,Research,2026-08-20,2026-08-22,2026-08-22,Completed,2,1.8,1,3.42,3.58,3.58,3.13,3.23,3.55,3.86,"Focus on task planning, validation steps, and clearer progress updates.",Mentor – Data Analytics,2026-08
TSK0938,INT025,Anum Hussain,Data Analytics,Sales Performance Analysis,Documentation,2026-08-08,2026-08-10,2026-08-10,Completed,2,1.6,1,3.5,3.82,3.38,3.62,3.49,3.8,3.69,"Focus on task planning, validation steps, and clearer progress updates.",Mentor – Data Analytics,2026-08
TSK0939,INT025,Anum Hussain,Data Analytics,Internship Funnel Analysis,Dashboard,2026-08-15,2026-08-21,2026-08-21,Completed,6,5.5,1,3.69,3.53,3.4,3.72,3.73,3.45,3.62,"Focus on task planning, validation steps, and clearer progress updates.",Mentor – Data Analytics,2026-08
TSK0940,INT025,Anum Hussain,Data Analytics,Data Quality Review,Presentation,2026-08-03,2026-08-06,2026-08-06,Completed,3,3.0,1,3.84,3.67,3.38,3.39,3.6,3.68,3.57,Needs closer deadline management and more frequent mentor check-ins.,Mentor – Data Analytics,2026-08
TSK0941,INT026,Farhan Qureshi,Power BI & BI,Power BI Storytelling,Automation,2026-08-08,2026-08-13,2026-08-13,Completed,5,5.0,1,4.43,4.19,3.6,3.85,4.04,3.6,3.87,Meets expectations; focus on stronger documentation and more consistent timeliness.,Mentor – Business Intelligence,2026-08
TSK0942,INT026,Farhan Qureshi,Power BI & BI,Executive KPI Dashboard,Cleaning,2026-08-15,2026-08-17,2026-08-17,Completed,2,1.5,1,4.08,4.2,3.82,3.85,3.74,3.97,4.04,Solid work with opportunities to improve prioritization and final presentation quality.,Mentor – Business Intelligence,2026-08
TSK0943,INT026,Farhan Qureshi,Power BI & BI,Recruitment BI Report,Validation,2026-08-03,2026-08-08,2026-08-10,Overdue,5,6.3,0,4.01,3.94,3.76,3.97,3.67,4.17,3.66,Good progress; improve estimation and communicate blockers earlier.,Mentor – Business Intelligence,2026-08
TSK0944,INT026,Farhan Qureshi,Power BI & BI,Operations Scorecard,Analysis,2026-08-10,2026-08-15,2026-08-15,Completed,5,4.8,1,3.96,3.87,3.88,3.87,3.55,4.03,4.1,Solid work with opportunities to improve prioritization and final presentation quality.,Mentor – Business Intelligence,2026-08
TSK0945,INT027,Mehak Khan,Machine Learning,Anomaly Detection Study,Research,2026-08-12,2026-08-14,2026-08-15,Overdue,2,2.1,0,4.25,4.81,4.29,4.13,3.91,4.44,3.73,Solid work with opportunities to improve prioritization and final presentation quality.,Mentor – Machine Learning,2026-08
TSK0946,INT027,Mehak Khan,Machine Learning,Prediction Benchmark,Documentation,2026-08-19,2026-08-21,2026-08-21,Completed,2,1.8,1,4.56,4.42,4.45,3.96,4.51,4.43,4.4,Meets expectations; focus on stronger documentation and more consistent timeliness.,Mentor – Machine Learning,2026-08
TSK0947,INT027,Mehak Khan,Machine Learning,Feature Engineering Lab,Dashboard,2026-08-07,2026-08-13,2026-08-13,Completed,6,5.3,1,4.03,4.36,4.5,4.24,4.51,4.38,4.38,Good progress; improve estimation and communicate blockers earlier.,Mentor – Machine Learning,2026-08
TSK0948,INT027,Mehak Khan,Machine Learning,Model Evaluation,Presentation,2026-08-14,2026-08-16,2026-08-16,Completed,2,1.8,1,4.36,4.03,4.04,4.11,4.43,4.5,4.28,Solid work with opportunities to improve prioritization and final presentation quality.,Mentor – Machine Learning,2026-08
TSK0949,INT028,Taha Raza,Web Development,Dashboard Frontend,Automation,2026-08-16,2026-08-22,2026-08-21,Completed,6,4.9,1,3.47,3.83,3.58,3.87,3.27,3.52,3.72,Quality is improving; additional review before submission is recommended.,Mentor – Web Development,2026-08
TSK0950,INT028,Taha Raza,Web Development,Responsive Portfolio,Cleaning,2026-08-04,2026-08-10,2026-08-10,Completed,6,5.7,1,3.4,3.84,3.98,3.38,3.59,3.66,3.66,Needs closer deadline management and more frequent mentor check-ins.,Mentor – Web Development,2026-08
TSK0951,INT028,Taha Raza,Web Development,Analytics Portal,Validation,2026-08-11,2026-08-13,2026-08-13,Completed,2,1.6,1,3.79,3.53,3.71,3.41,3.43,3.64,3.9,Quality is improving; additional review before submission is recommended.,Mentor – Web Development,2026-08
TSK0952,INT028,Taha Raza,Web Development,Form Validation App,Analysis,2026-08-18,2026-08-21,2026-08-22,Overdue,3,3.2,0,3.25,3.96,3.58,3.27,3.32,3.47,2.94,"Focus on task planning, validation steps, and clearer progress updates.",Mentor – Web Development,2026-08
TSK0953,INT029,Nimra Malik,Business Analysis,Business Case Study,Research,2026-08-05,2026-08-11,2026-08-14,Overdue,6,8.1,0,4.02,3.66,3.41,3.91,4.35,3.68,3.43,Good progress; improve estimation and communicate blockers earlier.,Mentor – Business Analysis,2026-08
TSK0954,INT029,Nimra Malik,Business Analysis,Process Gap Review,Documentation,2026-08-12,2026-08-15,2026-08-15,Completed,3,2.9,1,4.0,3.98,4.15,4.04,4.17,3.75,4.23,Solid work with opportunities to improve prioritization and final presentation quality.,Mentor – Business Analysis,2026-08
TSK0955,INT029,Nimra Malik,Business Analysis,Requirements Matrix,Dashboard,2026-08-19,2026-08-21,,In Progress,2,,,,,,,,,,Task remains open and should be reviewed in the next mentor checkpoint.,Mentor – Business Analysis,2026-08
TSK0956,INT029,Nimra Malik,Business Analysis,Stakeholder Analysis,Presentation,2026-08-07,2026-08-10,2026-08-09,Completed,3,1.7,1,4.18,4.07,4.08,4.03,4.37,4.03,4.12,Good progress; improve estimation and communicate blockers earlier.,Mentor – Business Analysis,2026-08
TSK0957,INT030,Arham Ahmed,IT Support,Knowledge Base Project,Automation,2026-08-13,2026-08-15,,In Progress,2,,,,,,,,,,Task remains open and should be reviewed in the next mentor checkpoint.,Mentor – IT Support,2026-08
TSK0958,INT030,Arham Ahmed,IT Support,Support Ticket Analysis,Cleaning,2026-08-20,2026-08-22,2026-08-22,Completed,2,1.7,1,4.69,4.48,4.26,4.49,4.24,4.4,4.34,Solid work with opportunities to improve prioritization and final presentation quality.,Mentor – IT Support,2026-08
TSK0959,INT030,Arham Ahmed,IT Support,Asset Audit,Validation,2026-08-08,2026-08-15,2026-08-15,Completed,7,6.5,1,4.33,4.44,4.35,4.33,4.39,4.23,4.45,Meets expectations; focus on stronger documentation and more consistent timeliness.,Mentor – IT Support,2026-08
TSK0960,INT030,Arham Ahmed,IT Support,System Health Review,Analysis,2026-08-15,2026-08-19,2026-08-20,Overdue,4,4.2,0,4.23,4.04,4.13,4.6,4.3,4.46,3.85,Good progress; improve estimation and communicate blockers earlier.,Mentor – IT Support,2026-08
